0 verbose cli /opt/homebrew/Cellar/node/23.9.0/bin/node /opt/homebrew/lib/node_modules/npm/bin/npm-cli.js
1 info using npm@10.9.2
2 info using node@v23.9.0
3 silly config load:file:/opt/homebrew/lib/node_modules/npm/npmrc
4 silly config load:file:/Users/felipealmeida/.npmrc
5 silly config load:file:/opt/homebrew/etc/npmrc
6 verbose title npm exec @modelcontextprotocol/server-filesystem /Users/felipealmeida/Documents/ClaudeFiles
7 verbose argv "exec" "--yes" "--" "@modelcontextprotocol/server-filesystem" "/Users/felipealmeida/Documents/ClaudeFiles"
8 verbose logfile logs-max:10 dir:/Users/felipealmeida/Desktop/Developer/AIAgentMCP/.npm-cache/_logs/2026-08-29T03_28_57_768Z-
9 verbose logfile /Users/felipealmeida/Desktop/Developer/AIAgentMCP/.npm-cache/_logs/2026-08-29T03_28_57_768Z-debug-0.log
10 silly logfile done cleaning log files
11 silly packumentCache heap:4345298944 maxSize:1086324736 maxEntrySize:543162368
12 http fetch GET 200 https://registry.npmjs.org/@modelcontextprotocol%2fserver-filesystem 74ms (cache miss)
13 silly packumentCache heap:4345298944 maxSize:1086324736 maxEntrySize:543162368
14 silly packumentCache heap:4345298944 maxSize:1086324736 maxEntrySize:543162368
15 silly idealTree buildDeps
16 silly fetch manifest @modelcontextprotocol/server-filesystem@2026.7.10
17 silly packumentCache full:https://registry.npmjs.org/@modelcontextprotocol%2fserver-filesystem cache-miss
18 http fetch GET 200 https://registry.npmjs.org/@modelcontextprotocol%2fserver-filesystem 398ms (cache miss)
19 silly packumentCache full:https://registry.npmjs.org/@modelcontextprotocol%2fserver-filesystem set size:undefined disposed:false
20 silly placeDep ROOT @modelcontextprotocol/server-filesystem@2026.7.10 OK for:  want: 2026.7.10
21 silly fetch manifest @modelcontextprotocol/sdk@^1.29.0
22 silly packumentCache full:https://registry.npmjs.org/@modelcontextprotocol%2fsdk cache-miss
23 silly fetch manifest diff@^8.0.3
24 silly packumentCache full:https://registry.npmjs.org/diff cache-miss
25 silly fetch manifest glob@^10.5.0
26 silly packumentCache full:https://registry.npmjs.org/glob cache-miss
27 silly fetch manifest minimatch@^10.0.1
28 silly packumentCache full:https://registry.npmjs.org/minimatch cache-miss
29 http fetch GET 200 https://registry.npmjs.org/@modelcontextprotocol%2fsdk 34ms (cache miss)
30 silly packumentCache full:https://registry.npmjs.org/@modelcontextprotocol%2fsdk set size:undefined disposed:false
31 http fetch GET 200 https://registry.npmjs.org/diff 48ms (cache miss)
32 silly packumentCache full:https://registry.npmjs.org/diff set size:undefined disposed:false
33 http fetch GET 200 https://registry.npmjs.org/glob 63ms (cache miss)
34 silly packumentCache full:https://registry.npmjs.org/glob set size:undefined disposed:false
35 http fetch GET 200 https://registry.npmjs.org/minimatch 67ms (cache miss)
36 silly packumentCache full:https://registry.npmjs.org/minimatch set size:undefined disposed:false
37 silly fetch manifest @cfworker/json-schema@^4.1.1
38 silly packumentCache full:https://registry.npmjs.org/@cfworker%2fjson-schema cache-miss
39 http fetch GET 200 https://registry.npmjs.org/@cfworker%2fjson-schema 35ms (cache miss)
40 silly packumentCache full:https://registry.npmjs.org/@cfworker%2fjson-schema set size:undefined disposed:false
41 silly placeDep ROOT @modelcontextprotocol/sdk@1.30.0 OK for: @modelcontextprotocol/server-filesystem@2026.7.10 want: ^1.29.0
42 silly placeDep ROOT diff@8.0.4 OK for: @modelcontextprotocol/server-filesystem@2026.7.10 want: ^8.0.3
43 silly placeDep ROOT glob@10.5.0 OK for: @modelcontextprotocol/server-filesystem@2026.7.10 want: ^10.5.0
44 silly placeDep ROOT minimatch@10.2.6 OK for: @modelcontextprotocol/server-filesystem@2026.7.10 want: ^10.0.1
45 silly fetch manifest ajv@^8.17.1
46 silly packumentCache full:https://registry.npmjs.org/ajv cache-miss
47 silly fetch manifest zod@^3.25 || ^4.0
48 silly packumentCache full:https://registry.npmjs.org/zod cache-miss
49 silly fetch manifest cors@^2.8.5
50 silly packumentCache full:https://registry.npmjs.org/cors cache-miss
51 silly fetch manifest hono@^4.11.4
52 silly packumentCache full:https://registry.npmjs.org/hono cache-miss
53 silly fetch manifest jose@^6.1.3
54 silly packumentCache full:https://registry.npmjs.org/jose cache-miss
55 silly fetch manifest express@^5.2.1
56 silly packumentCache full:https://registry.npmjs.org/express cache-miss
57 silly fetch manifest raw-body@^3.0.0
58 silly packumentCache full:https://registry.npmjs.org/raw-body cache-miss
59 http fetch GET 200 https://registry.npmjs.org/cors 29ms (cache miss)
60 silly packumentCache full:https://registry.npmjs.org/cors set size:undefined disposed:false
61 silly fetch manifest ajv-formats@^3.0.1
62 silly packumentCache full:https://registry.npmjs.org/ajv-formats cache-miss
63 http fetch GET 200 https://registry.npmjs.org/ajv 44ms (cache miss)
64 silly packumentCache full:https://registry.npmjs.org/ajv set size:undefined disposed:false
65 silly fetch manifest cross-spawn@^7.0.5
66 silly packumentCache full:https://registry.npmjs.org/cross-spawn cache-miss
67 http fetch GET 200 https://registry.npmjs.org/ajv-formats 28ms (cache miss)
68 silly packumentCache full:https://registry.npmjs.org/ajv-formats set size:undefined disposed:false
69 silly fetch manifest eventsource@^3.0.2
70 silly packumentCache full:https://registry.npmjs.org/eventsource cache-miss
71 http fetch GET 200 https://registry.npmjs.org/raw-body 62ms (cache miss)
72 silly packumentCache full:https://registry.npmjs.org/raw-body set size:undefined disposed:false
73 silly fetch manifest content-type@^1.0.5
74 silly packumentCache full:https://registry.npmjs.org/content-type cache-miss
75 http fetch GET 200 https://registry.npmjs.org/jose 77ms (cache miss)
76 silly packumentCache full:https://registry.npmjs.org/jose set size:undefined disposed:false
77 silly fetch manifest pkce-challenge@^5.0.0
78 silly packumentCache full:https://registry.npmjs.org/pkce-challenge cache-miss
79 http fetch GET 200 https://registry.npmjs.org/cross-spawn 38ms (cache miss)
80 silly packumentCache full:https://registry.npmjs.org/cross-spawn set size:undefined disposed:false
81 silly fetch manifest @hono/node-server@^1.19.9 || ^2.0.5
82 silly packumentCache full:https://registry.npmjs.org/@hono%2fnode-server cache-miss
83 http fetch GET 200 https://registry.npmjs.org/eventsource 31ms (cache miss)
84 silly packumentCache full:https://registry.npmjs.org/eventsource set size:undefined disposed:false
85 silly fetch manifest json-schema-typed@^8.0.2
86 silly packumentCache full:https://registry.npmjs.org/json-schema-typed cache-miss
87 http fetch GET 200 https://registry.npmjs.org/express 90ms (cache miss)
88 silly packumentCache full:https://registry.npmjs.org/express set size:undefined disposed:false
89 silly fetch manifest eventsource-parser@^3.0.0
90 silly packumentCache full:https://registry.npmjs.org/eventsource-parser cache-miss
91 http fetch GET 200 https://registry.npmjs.org/content-type 33ms (cache miss)
92 silly packumentCache full:https://registry.npmjs.org/content-type set size:undefined disposed:false
93 silly fetch manifest express-rate-limit@^8.2.1
94 silly packumentCache full:https://registry.npmjs.org/express-rate-limit cache-miss
95 http fetch GET 200 https://registry.npmjs.org/zod 99ms (cache miss)
96 silly packumentCache full:https://registry.npmjs.org/zod set size:undefined disposed:false
97 silly fetch manifest zod-to-json-schema@^3.25.1
98 silly packumentCache full:https://registry.npmjs.org/zod-to-json-schema cache-miss
99 http fetch GET 200 https://registry.npmjs.org/json-schema-typed 26ms (cache miss)
100 silly packumentCache full:https://registry.npmjs.org/json-schema-typed set size:undefined disposed:false
101 silly fetch manifest minipass@^7.1.2
102 silly packumentCache full:https://registry.npmjs.org/minipass cache-miss
103 http fetch GET 200 https://registry.npmjs.org/pkce-challenge 34ms (cache miss)
104 silly packumentCache full:https://registry.npmjs.org/pkce-challenge set size:undefined disposed:false
105 silly fetch manifest jackspeak@^3.1.2
106 silly packumentCache full:https://registry.npmjs.org/jackspeak cache-miss
107 http fetch GET 200 https://registry.npmjs.org/eventsource-parser 25ms (cache miss)
108 silly packumentCache full:https://registry.npmjs.org/eventsource-parser set size:undefined disposed:false
109 silly fetch manifest minimatch@^9.0.4
110 silly packumentCache full:https://registry.npmjs.org/minimatch cache-miss
111 http cache https://registry.npmjs.org/minimatch 2ms (cache hit)
112 silly packumentCache full:https://registry.npmjs.org/minimatch set size:377924 disposed:false
113 silly fetch manifest path-scurry@^1.11.1
114 silly packumentCache full:https://registry.npmjs.org/path-scurry cache-miss
115 http fetch GET 200 https://registry.npmjs.org/@hono%2fnode-server 38ms (cache miss)
116 silly packumentCache full:https://registry.npmjs.org/@hono%2fnode-server set size:undefined disposed:false
117 silly fetch manifest foreground-child@^3.1.0
118 silly packumentCache full:https://registry.npmjs.org/foreground-child cache-miss
119 http fetch GET 200 https://registry.npmjs.org/express-rate-limit 35ms (cache miss)
120 silly packumentCache full:https://registry.npmjs.org/express-rate-limit set size:undefined disposed:false
121 silly fetch manifest package-json-from-dist@^1.0.0
122 silly packumentCache full:https://registry.npmjs.org/package-json-from-dist cache-miss
123 http fetch GET 200 https://registry.npmjs.org/hono 135ms (cache miss)
124 silly packumentCache full:https://registry.npmjs.org/hono set size:undefined disposed:false
125 silly fetch manifest brace-expansion@^5.0.8
126 silly packumentCache full:https://registry.npmjs.org/brace-expansion cache-miss
127 http fetch GET 200 https://registry.npmjs.org/package-json-from-dist 42ms (cache miss)
128 silly packumentCache full:https://registry.npmjs.org/package-json-from-dist set size:undefined disposed:false
129 http fetch GET 200 https://registry.npmjs.org/path-scurry 52ms (cache miss)
130 silly packumentCache full:https://registry.npmjs.org/path-scurry set size:undefined disposed:false
131 http fetch GET 200 https://registry.npmjs.org/foreground-child 50ms (cache miss)
132 silly packumentCache full:https://registry.npmjs.org/foreground-child set size:undefined disposed:false
133 http fetch GET 200 https://registry.npmjs.org/jackspeak 61ms (cache miss)
134 silly packumentCache full:https://registry.npmjs.org/jackspeak set size:undefined disposed:false
135 http fetch GET 200 https://registry.npmjs.org/zod-to-json-schema 66ms (cache miss)
136 silly packumentCache full:https://registry.npmjs.org/zod-to-json-schema set size:undefined disposed:false
137 http fetch GET 200 https://registry.npmjs.org/minipass 64ms (cache miss)
138 silly packumentCache full:https://registry.npmjs.org/minipass set size:undefined disposed:false
139 http fetch GET 200 https://registry.npmjs.org/brace-expansion 24ms (cache miss)
140 silly packumentCache full:https://registry.npmjs.org/brace-expansion set size:undefined disposed:false
141 silly placeDep ROOT @hono/node-server@2.1.1 OK for: @modelcontextprotocol/sdk@1.30.0 want: ^1.19.9 || ^2.0.5
142 silly placeDep ROOT hono@4.13.5 OK for: @hono/node-server@2.1.1 want: ^4
143 silly placeDep ROOT ajv@8.20.0 OK for: @modelcontextprotocol/sdk@1.30.0 want: ^8.17.1
144 silly placeDep ROOT ajv-formats@3.0.1 OK for: @modelcontextprotocol/sdk@1.30.0 want: ^3.0.1
145 silly placeDep ROOT content-type@1.0.5 OK for: @modelcontextprotocol/sdk@1.30.0 want: ^1.0.5
146 silly placeDep ROOT cors@2.8.6 OK for: @modelcontextprotocol/sdk@1.30.0 want: ^2.8.5
147 silly placeDep ROOT cross-spawn@7.0.6 OK for: @modelcontextprotocol/sdk@1.30.0 want: ^7.0.5
148 silly placeDep ROOT eventsource@3.0.7 OK for: @modelcontextprotocol/sdk@1.30.0 want: ^3.0.2
149 silly placeDep ROOT eventsource-parser@3.1.1 OK for: @modelcontextprotocol/sdk@1.30.0 want: ^3.0.0
150 silly placeDep ROOT express@5.2.1 OK for: @modelcontextprotocol/sdk@1.30.0 want: ^5.2.1
151 silly placeDep ROOT express-rate-limit@8.7.0 OK for: @modelcontextprotocol/sdk@1.30.0 want: ^8.2.1
152 silly placeDep ROOT jose@6.2.10 OK for: @modelcontextprotocol/sdk@1.30.0 want: ^6.1.3
153 silly placeDep ROOT json-schema-typed@8.0.2 OK for: @modelcontextprotocol/sdk@1.30.0 want: ^8.0.2
154 silly placeDep ROOT pkce-challenge@5.0.1 OK for: @modelcontextprotocol/sdk@1.30.0 want: ^5.0.0
155 silly placeDep ROOT raw-body@3.0.2 OK for: @modelcontextprotocol/sdk@1.30.0 want: ^3.0.0
156 silly placeDep ROOT zod@4.5.2 OK for: @modelcontextprotocol/sdk@1.30.0 want: ^3.25 || ^4.0
157 silly placeDep ROOT zod-to-json-schema@3.25.2 OK for: @modelcontextprotocol/sdk@1.30.0 want: ^3.25.1
158 silly fetch manifest fast-deep-equal@^3.1.3
159 silly packumentCache full:https://registry.npmjs.org/fast-deep-equal cache-miss
160 silly fetch manifest fast-uri@^3.0.1
161 silly packumentCache full:https://registry.npmjs.org/fast-uri cache-miss
162 silly fetch manifest json-schema-traverse@^1.0.0
163 silly packumentCache full:https://registry.npmjs.org/json-schema-traverse cache-miss
164 silly fetch manifest require-from-string@^2.0.2
165 silly packumentCache full:https://registry.npmjs.org/require-from-string cache-miss
166 silly fetch manifest object-assign@^4
167 silly packumentCache full:https://registry.npmjs.org/object-assign cache-miss
168 silly fetch manifest vary@^1
169 silly packumentCache full:https://registry.npmjs.org/vary cache-miss
170 silly fetch manifest which@^2.0.1
171 silly packumentCache full:https://registry.npmjs.org/which cache-miss
172 http fetch GET 200 https://registry.npmjs.org/json-schema-traverse 24ms (cache miss)
173 silly packumentCache full:https://registry.npmjs.org/json-schema-traverse set size:undefined disposed:false
174 silly fetch manifest path-key@^3.1.0
175 silly packumentCache full:https://registry.npmjs.org/path-key cache-miss
176 http fetch GET 200 https://registry.npmjs.org/vary 25ms (cache miss)
177 silly packumentCache full:https://registry.npmjs.org/vary set size:undefined disposed:false
178 silly fetch manifest shebang-command@^2.0.0
179 silly packumentCache full:https://registry.npmjs.org/shebang-command cache-miss
180 http fetch GET 200 https://registry.npmjs.org/fast-deep-equal 25ms (cache miss)
181 silly packumentCache full:https://registry.npmjs.org/fast-deep-equal set size:undefined disposed:false
182 silly fetch manifest eventsource-parser@^3.0.1
183 silly packumentCache full:https://registry.npmjs.org/eventsource-parser cache-miss
184 http fetch GET 200 https://registry.npmjs.org/fast-uri 26ms (cache miss)
185 silly packumentCache full:https://registry.npmjs.org/fast-uri set size:undefined disposed:false
186 silly fetch manifest qs@^6.14.0
187 silly packumentCache full:https://registry.npmjs.org/qs cache-miss
188 http fetch GET 200 https://registry.npmjs.org/require-from-string 28ms (cache miss)
189 silly packumentCache full:https://registry.npmjs.org/require-from-string set size:undefined disposed:false
190 silly fetch manifest depd@^2.0.0
191 silly packumentCache full:https://registry.npmjs.org/depd cache-miss
192 http cache https://registry.npmjs.org/eventsource-parser 3ms (cache hit)
193 silly packumentCache full:https://registry.npmjs.org/eventsource-parser set size:89571 disposed:false
194 silly fetch manifest etag@^1.8.1
195 silly packumentCache full:https://registry.npmjs.org/etag cache-miss
196 http fetch GET 200 https://registry.npmjs.org/which 30ms (cache miss)
197 silly packumentCache full:https://registry.npmjs.org/which set size:undefined disposed:false
198 silly fetch manifest once@^1.4.0
199 silly packumentCache full:https://registry.npmjs.org/once cache-miss
200 http fetch GET 200 https://registry.npmjs.org/object-assign 32ms (cache miss)
201 silly packumentCache full:https://registry.npmjs.org/object-assign set size:undefined disposed:false
202 silly fetch manifest send@^1.1.0
203 silly packumentCache full:https://registry.npmjs.org/send cache-miss
204 http fetch GET 200 https://registry.npmjs.org/path-key 21ms (cache miss)
205 silly packumentCache full:https://registry.npmjs.org/path-key set size:undefined disposed:false
206 silly fetch manifest vary@^1.1.2
207 silly packumentCache full:https://registry.npmjs.org/vary cache-miss
208 http cache https://registry.npmjs.org/vary 2ms (cache hit)
209 silly packumentCache full:https://registry.npmjs.org/vary set size:15994 disposed:false
210 silly fetch manifest debug@^4.4.0
211 silly packumentCache full:https://registry.npmjs.org/debug cache-miss
212 http fetch GET 200 https://registry.npmjs.org/shebang-command 22ms (cache miss)
213 silly packumentCache full:https://registry.npmjs.org/shebang-command set size:undefined disposed:false
214 silly fetch manifest fresh@^2.0.0
215 silly packumentCache full:https://registry.npmjs.org/fresh cache-miss
216 http fetch GET 200 https://registry.npmjs.org/depd 20ms (cache miss)
217 silly packumentCache full:https://registry.npmjs.org/depd set size:undefined disposed:false
218 silly fetch manifest cookie@^0.7.1
219 silly packumentCache full:https://registry.npmjs.org/cookie cache-miss
220 http fetch GET 200 https://registry.npmjs.org/etag 22ms (cache miss)
221 silly packumentCache full:https://registry.npmjs.org/etag set size:undefined disposed:false
222 silly fetch manifest router@^2.2.0
223 silly packumentCache full:https://registry.npmjs.org/router cache-miss
224 http fetch GET 200 https://registry.npmjs.org/once 22ms (cache miss)
225 silly packumentCache full:https://registry.npmjs.org/once set size:undefined disposed:false
226 silly fetch manifest accepts@^2.0.0
227 silly packumentCache full:https://registry.npmjs.org/accepts cache-miss
228 http fetch GET 200 https://registry.npmjs.org/qs 29ms (cache miss)
229 silly packumentCache full:https://registry.npmjs.org/qs set size:undefined disposed:false
230 silly fetch manifest type-is@^2.0.1
231 silly packumentCache full:https://registry.npmjs.org/type-is cache-miss
232 http fetch GET 200 https://registry.npmjs.org/send 27ms (cache miss)
233 silly packumentCache full:https://registry.npmjs.org/send set size:undefined disposed:false
234 silly fetch manifest parseurl@^1.3.3
235 silly packumentCache full:https://registry.npmjs.org/parseurl cache-miss
236 http fetch GET 200 https://registry.npmjs.org/fresh 18ms (cache miss)
237 silly packumentCache full:https://registry.npmjs.org/fresh set size:undefined disposed:false
238 silly fetch manifest statuses@^2.0.1
239 silly packumentCache full:https://registry.npmjs.org/statuses cache-miss
240 http fetch GET 200 https://registry.npmjs.org/debug 24ms (cache miss)
241 silly packumentCache full:https://registry.npmjs.org/debug set size:undefined disposed:false
242 silly fetch manifest encodeurl@^2.0.0
243 silly packumentCache full:https://registry.npmjs.org/encodeurl cache-miss
244 http fetch GET 200 https://registry.npmjs.org/cookie 25ms (cache miss)
245 silly packumentCache full:https://registry.npmjs.org/cookie set size:undefined disposed:false
246 silly fetch manifest mime-types@^3.0.0
247 silly packumentCache full:https://registry.npmjs.org/mime-types cache-miss
248 http fetch GET 200 https://registry.npmjs.org/accepts 24ms (cache miss)
249 silly packumentCache full:https://registry.npmjs.org/accepts set size:undefined disposed:false
250 silly fetch manifest proxy-addr@^2.0.7
251 silly packumentCache full:https://registry.npmjs.org/proxy-addr cache-miss
252 http fetch GET 200 https://registry.npmjs.org/router 25ms (cache miss)
253 silly packumentCache full:https://registry.npmjs.org/router set size:undefined disposed:false
254 silly fetch manifest body-parser@^2.2.1
255 silly packumentCache full:https://registry.npmjs.org/body-parser cache-miss
256 http fetch GET 200 https://registry.npmjs.org/type-is 24ms (cache miss)
257 silly packumentCache full:https://registry.npmjs.org/type-is set size:undefined disposed:false
258 silly fetch manifest escape-html@^1.0.3
259 silly packumentCache full:https://registry.npmjs.org/escape-html cache-miss
260 http fetch GET 200 https://registry.npmjs.org/statuses 19ms (cache miss)
261 silly packumentCache full:https://registry.npmjs.org/statuses set size:undefined disposed:false
262 silly fetch manifest http-errors@^2.0.0
263 silly packumentCache full:https://registry.npmjs.org/http-errors cache-miss
264 http fetch GET 200 https://registry.npmjs.org/parseurl 25ms (cache miss)
265 silly packumentCache full:https://registry.npmjs.org/parseurl set size:undefined disposed:false
266 silly fetch manifest on-finished@^2.4.1
267 silly packumentCache full:https://registry.npmjs.org/on-finished cache-miss
268 http fetch GET 200 https://registry.npmjs.org/encodeurl 20ms (cache miss)
269 silly packumentCache full:https://registry.npmjs.org/encodeurl set size:undefined disposed:false
270 silly fetch manifest finalhandler@^2.1.0
271 silly packumentCache full:https://registry.npmjs.org/finalhandler cache-miss
272 http fetch GET 200 https://registry.npmjs.org/mime-types 21ms (cache miss)
273 silly packumentCache full:https://registry.npmjs.org/mime-types set size:undefined disposed:false
274 silly fetch manifest range-parser@^1.2.1
275 silly packumentCache full:https://registry.npmjs.org/range-parser cache-miss
276 http fetch GET 200 https://registry.npmjs.org/proxy-addr 21ms (cache miss)
277 silly packumentCache full:https://registry.npmjs.org/proxy-addr set size:undefined disposed:false
278 silly fetch manifest serve-static@^2.2.0
279 silly packumentCache full:https://registry.npmjs.org/serve-static cache-miss
280 http fetch GET 200 https://registry.npmjs.org/body-parser 22ms (cache miss)
281 silly packumentCache full:https://registry.npmjs.org/body-parser set size:undefined disposed:false
282 silly fetch manifest cookie-signature@^1.2.1
283 silly packumentCache full:https://registry.npmjs.org/cookie-signature cache-miss
284 http fetch GET 200 https://registry.npmjs.org/escape-html 21ms (cache miss)
285 silly packumentCache full:https://registry.npmjs.org/escape-html set size:undefined disposed:false
286 silly fetch manifest merge-descriptors@^2.0.0
287 silly packumentCache full:https://registry.npmjs.org/merge-descriptors cache-miss
288 http fetch GET 200 https://registry.npmjs.org/http-errors 20ms (cache miss)
289 silly packumentCache full:https://registry.npmjs.org/http-errors set size:undefined disposed:false
290 silly fetch manifest content-disposition@^1.0.0
291 silly packumentCache full:https://registry.npmjs.org/content-disposition cache-miss
292 http fetch GET 200 https://registry.npmjs.org/on-finished 27ms (cache miss)
293 silly packumentCache full:https://registry.npmjs.org/on-finished set size:undefined disposed:false
294 silly fetch manifest debug@^4.4.3
295 silly packumentCache full:https://registry.npmjs.org/debug cache-miss
296 http cache https://registry.npmjs.org/debug 1ms (cache hit)
297 silly packumentCache full:https://registry.npmjs.org/debug set size:195840 disposed:false
298 silly fetch manifest ip-address@^10.2.0
299 silly packumentCache full:https://registry.npmjs.org/ip-address cache-miss
300 http fetch GET 200 https://registry.npmjs.org/range-parser 20ms (cache miss)
301 silly packumentCache full:https://registry.npmjs.org/range-parser set size:undefined disposed:false
302 silly fetch manifest bytes@~3.1.2
303 silly packumentCache full:https://registry.npmjs.org/bytes cache-miss
304 http fetch GET 200 https://registry.npmjs.org/finalhandler 24ms (cache miss)
305 silly packumentCache full:https://registry.npmjs.org/finalhandler set size:undefined disposed:false
306 silly fetch manifest unpipe@~1.0.0
307 silly packumentCache full:https://registry.npmjs.org/unpipe cache-miss
308 http fetch GET 200 https://registry.npmjs.org/cookie-signature 22ms (cache miss)
309 silly packumentCache full:https://registry.npmjs.org/cookie-signature set size:undefined disposed:false
310 silly fetch manifest iconv-lite@~0.7.0
311 silly packumentCache full:https://registry.npmjs.org/iconv-lite cache-miss
312 http fetch GET 200 https://registry.npmjs.org/serve-static 25ms (cache miss)
313 silly packumentCache full:https://registry.npmjs.org/serve-static set size:undefined disposed:false
314 silly fetch manifest http-errors@~2.0.1
315 silly packumentCache full:https://registry.npmjs.org/http-errors cache-miss
316 http cache https://registry.npmjs.org/http-errors 1ms (cache hit)
317 silly packumentCache full:https://registry.npmjs.org/http-errors set size:71987 disposed:false
318 http fetch GET 200 https://registry.npmjs.org/merge-descriptors 23ms (cache miss)
319 silly packumentCache full:https://registry.npmjs.org/merge-descriptors set size:undefined disposed:false
320 http fetch GET 200 https://registry.npmjs.org/content-disposition 26ms (cache miss)
321 silly packumentCache full:https://registry.npmjs.org/content-disposition set size:undefined disposed:false
322 http fetch GET 200 https://registry.npmjs.org/unpipe 18ms (cache miss)
323 silly packumentCache full:https://registry.npmjs.org/unpipe set size:undefined disposed:false
324 http fetch GET 200 https://registry.npmjs.org/bytes 19ms (cache miss)
325 silly packumentCache full:https://registry.npmjs.org/bytes set size:undefined disposed:false
326 http fetch GET 200 https://registry.npmjs.org/ip-address 33ms (cache miss)
327 silly packumentCache full:https://registry.npmjs.org/ip-address set size:undefined disposed:false
328 http fetch GET 200 https://registry.npmjs.org/iconv-lite 27ms (cache miss)
329 silly packumentCache full:https://registry.npmjs.org/iconv-lite set size:undefined disposed:false
330 silly placeDep ROOT fast-deep-equal@3.1.3 OK for: ajv@8.20.0 want: ^3.1.3
331 silly placeDep ROOT fast-uri@3.1.6 OK for: ajv@8.20.0 want: ^3.0.1
332 silly placeDep ROOT json-schema-traverse@1.0.0 OK for: ajv@8.20.0 want: ^1.0.0
333 silly placeDep ROOT require-from-string@2.0.2 OK for: ajv@8.20.0 want: ^2.0.2
334 silly placeDep ROOT object-assign@4.1.1 OK for: cors@2.8.6 want: ^4
335 silly placeDep ROOT vary@1.1.2 OK for: cors@2.8.6 want: ^1
336 silly placeDep ROOT path-key@3.1.1 OK for: cross-spawn@7.0.6 want: ^3.1.0
337 silly placeDep ROOT shebang-command@2.0.0 OK for: cross-spawn@7.0.6 want: ^2.0.0
338 silly placeDep ROOT which@2.0.2 OK for: cross-spawn@7.0.6 want: ^2.0.1
339 silly fetch manifest shebang-regex@^3.0.0
340 silly packumentCache full:https://registry.npmjs.org/shebang-regex cache-miss
341 silly fetch manifest isexe@^2.0.0
342 silly packumentCache full:https://registry.npmjs.org/isexe cache-miss
343 http fetch GET 200 https://registry.npmjs.org/shebang-regex 22ms (cache miss)
344 silly packumentCache full:https://registry.npmjs.org/shebang-regex set size:undefined disposed:false
345 http fetch GET 200 https://registry.npmjs.org/isexe 22ms (cache miss)
346 silly packumentCache full:https://registry.npmjs.org/isexe set size:undefined disposed:false
347 silly placeDep ROOT accepts@2.0.0 OK for: express@5.2.1 want: ^2.0.0
348 silly placeDep ROOT body-parser@2.3.0 OK for: express@5.2.1 want: ^2.2.1
349 silly placeDep ROOT content-disposition@1.1.0 OK for: express@5.2.1 want: ^1.0.0
350 silly placeDep ROOT cookie@0.7.2 OK for: express@5.2.1 want: ^0.7.1
351 silly placeDep ROOT cookie-signature@1.2.2 OK for: express@5.2.1 want: ^1.2.1
352 silly placeDep ROOT debug@4.4.3 OK for: express@5.2.1 want: ^4.4.0
353 silly placeDep ROOT depd@2.0.0 OK for: express@5.2.1 want: ^2.0.0
354 silly placeDep ROOT encodeurl@2.0.0 OK for: express@5.2.1 want: ^2.0.0
355 silly placeDep ROOT escape-html@1.0.3 OK for: express@5.2.1 want: ^1.0.3
356 silly placeDep ROOT etag@1.8.1 OK for: express@5.2.1 want: ^1.8.1
357 silly placeDep ROOT finalhandler@2.1.1 OK for: express@5.2.1 want: ^2.1.0
358 silly placeDep ROOT fresh@2.0.0 OK for: express@5.2.1 want: ^2.0.0
359 silly placeDep ROOT http-errors@2.0.1 OK for: express@5.2.1 want: ^2.0.0
360 silly placeDep ROOT merge-descriptors@2.0.0 OK for: express@5.2.1 want: ^2.0.0
361 silly placeDep ROOT mime-types@3.0.2 OK for: express@5.2.1 want: ^3.0.0
362 silly placeDep ROOT on-finished@2.4.1 OK for: express@5.2.1 want: ^2.4.1
363 silly placeDep ROOT once@1.4.0 OK for: express@5.2.1 want: ^1.4.0
364 silly placeDep ROOT parseurl@1.3.3 OK for: express@5.2.1 want: ^1.3.3
365 silly placeDep ROOT proxy-addr@2.0.7 OK for: express@5.2.1 want: ^2.0.7
366 silly placeDep ROOT qs@6.15.3 OK for: express@5.2.1 want: ^6.14.0
367 silly placeDep ROOT range-parser@1.3.0 OK for: express@5.2.1 want: ^1.2.1
368 silly placeDep ROOT router@2.2.0 OK for: express@5.2.1 want: ^2.2.0
369 silly placeDep ROOT send@1.2.1 OK for: express@5.2.1 want: ^1.1.0
370 silly placeDep ROOT serve-static@2.2.1 OK for: express@5.2.1 want: ^2.2.0
371 silly placeDep ROOT statuses@2.0.2 OK for: express@5.2.1 want: ^2.0.1
372 silly placeDep ROOT type-is@2.1.0 OK for: express@5.2.1 want: ^2.0.1
373 silly fetch manifest negotiator@^1.0.0
374 silly packumentCache full:https://registry.npmjs.org/negotiator cache-miss
375 silly fetch manifest qs@^6.15.2
376 silly packumentCache full:https://registry.npmjs.org/qs cache-miss
377 silly fetch manifest bytes@^3.1.2
378 silly packumentCache full:https://registry.npmjs.org/bytes cache-miss
379 silly fetch manifest type-is@^2.1.0
380 silly packumentCache full:https://registry.npmjs.org/type-is cache-miss
381 silly fetch manifest iconv-lite@^0.7.2
382 silly packumentCache full:https://registry.npmjs.org/iconv-lite cache-miss
383 silly fetch manifest http-errors@^2.0.1
384 silly packumentCache full:https://registry.npmjs.org/http-errors cache-hit
385 silly fetch manifest content-type@^2.0.0
386 silly packumentCache full:https://registry.npmjs.org/content-type cache-miss
387 silly fetch manifest ms@^2.1.3
388 silly packumentCache full:https://registry.npmjs.org/ms cache-miss
389 http cache https://registry.npmjs.org/type-is 4ms (cache hit)
390 silly packumentCache full:https://registry.npmjs.org/type-is set size:88614 disposed:false
391 silly fetch manifest inherits@~2.0.4
392 silly packumentCache full:https://registry.npmjs.org/inherits cache-miss
393 http cache https://registry.npmjs.org/iconv-lite 4ms (cache hit)
394 silly packumentCache full:https://registry.npmjs.org/iconv-lite set size:126462 disposed:false
395 silly fetch manifest setprototypeof@~1.2.0
396 silly packumentCache full:https://registry.npmjs.org/setprototypeof cache-miss
397 http cache https://registry.npmjs.org/qs 5ms (cache hit)
398 silly packumentCache full:https://registry.npmjs.org/qs set size:360318 disposed:false
399 silly fetch manifest statuses@~2.0.2
400 silly packumentCache full:https://registry.npmjs.org/statuses cache-miss
401 http cache https://registry.npmjs.org/bytes 7ms (cache hit)
402 silly packumentCache full:https://registry.npmjs.org/bytes set size:37018 disposed:false
403 silly fetch manifest toidentifier@~1.0.1
404 silly packumentCache full:https://registry.npmjs.org/toidentifier cache-miss
405 http cache https://registry.npmjs.org/content-type 8ms (cache hit)
406 silly packumentCache full:https://registry.npmjs.org/content-type set size:23936 disposed:false
407 silly fetch manifest mime-db@^1.54.0
408 silly packumentCache full:https://registry.npmjs.org/mime-db cache-miss
409 http cache https://registry.npmjs.org/statuses 3ms (cache hit)
410 silly packumentCache full:https://registry.npmjs.org/statuses set size:37117 disposed:false
411 silly fetch manifest ee-first@1.1.1
412 silly packumentCache full:https://registry.npmjs.org/ee-first cache-miss
413 http fetch GET 200 https://registry.npmjs.org/negotiator 22ms (cache miss)
414 silly packumentCache full:https://registry.npmjs.org/negotiator set size:undefined disposed:false
415 silly fetch manifest wrappy@1
416 silly packumentCache full:https://registry.npmjs.org/wrappy cache-miss
417 http fetch GET 200 https://registry.npmjs.org/ms 23ms (cache miss)
418 silly packumentCache full:https://registry.npmjs.org/ms set size:undefined disposed:false
419 silly fetch manifest forwarded@0.2.0
420 silly packumentCache full:https://registry.npmjs.org/forwarded cache-miss
421 http fetch GET 200 https://registry.npmjs.org/inherits 24ms (cache miss)
422 silly packumentCache full:https://registry.npmjs.org/inherits set size:undefined disposed:false
423 silly fetch manifest ipaddr.js@1.9.1
424 silly packumentCache full:https://registry.npmjs.org/ipaddr.js cache-miss
425 http fetch GET 200 https://registry.npmjs.org/toidentifier 24ms (cache miss)
426 silly packumentCache full:https://registry.npmjs.org/toidentifier set size:undefined disposed:false
427 silly fetch manifest side-channel@^1.1.1
428 silly packumentCache full:https://registry.npmjs.org/side-channel cache-miss
429 http fetch GET 200 https://registry.npmjs.org/ee-first 26ms (cache miss)
430 silly packumentCache full:https://registry.npmjs.org/ee-first set size:undefined disposed:false
431 silly fetch manifest es-define-property@^1.0.1
432 silly packumentCache full:https://registry.npmjs.org/es-define-property cache-miss
433 http fetch GET 200 https://registry.npmjs.org/mime-db 28ms (cache miss)
434 silly packumentCache full:https://registry.npmjs.org/mime-db set size:undefined disposed:false
435 silly fetch manifest is-promise@^4.0.0
436 silly packumentCache full:https://registry.npmjs.org/is-promise cache-miss
437 http fetch GET 200 https://registry.npmjs.org/setprototypeof 35ms (cache miss)
438 silly packumentCache full:https://registry.npmjs.org/setprototypeof set size:undefined disposed:false
439 silly fetch manifest path-to-regexp@^8.0.0
440 silly packumentCache full:https://registry.npmjs.org/path-to-regexp cache-miss
441 http fetch GET 200 https://registry.npmjs.org/wrappy 21ms (cache miss)
442 silly packumentCache full:https://registry.npmjs.org/wrappy set size:undefined disposed:false
443 silly fetch manifest statuses@^2.0.2
444 silly packumentCache full:https://registry.npmjs.org/statuses cache-hit
445 silly fetch manifest media-typer@^1.1.0
446 silly packumentCache full:https://registry.npmjs.org/media-typer cache-miss
447 http fetch GET 200 https://registry.npmjs.org/forwarded 21ms (cache miss)
448 silly packumentCache full:https://registry.npmjs.org/forwarded set size:undefined disposed:false
449 http fetch GET 200 https://registry.npmjs.org/side-channel 22ms (cache miss)
450 silly packumentCache full:https://registry.npmjs.org/side-channel set size:undefined disposed:false
451 http fetch GET 200 https://registry.npmjs.org/ipaddr.js 25ms (cache miss)
452 silly packumentCache full:https://registry.npmjs.org/ipaddr.js set size:undefined disposed:false
453 http fetch GET 200 https://registry.npmjs.org/es-define-property 20ms (cache miss)
454 silly packumentCache full:https://registry.npmjs.org/es-define-property set size:undefined disposed:false
455 http fetch GET 200 https://registry.npmjs.org/is-promise 20ms (cache miss)
456 silly packumentCache full:https://registry.npmjs.org/is-promise set size:undefined disposed:false
457 http fetch GET 200 https://registry.npmjs.org/media-typer 19ms (cache miss)
458 silly packumentCache full:https://registry.npmjs.org/media-typer set size:undefined disposed:false
459 http fetch GET 200 https://registry.npmjs.org/path-to-regexp 31ms (cache miss)
460 silly packumentCache full:https://registry.npmjs.org/path-to-regexp set size:undefined disposed:false
461 silly placeDep ROOT negotiator@1.1.0 OK for: accepts@2.0.0 want: ^1.0.0
462 silly fetch manifest content-type@^2.1.0
463 silly packumentCache full:https://registry.npmjs.org/content-type cache-hit
464 silly placeDep ROOT bytes@3.1.2 OK for: body-parser@2.3.0 want: ^3.1.2
465 silly placeDep node_modules/body-parser content-type@2.1.0 OK for: body-parser@2.3.0 want: ^2.0.0
466 silly placeDep ROOT iconv-lite@0.7.3 OK for: body-parser@2.3.0 want: ^0.7.2
467 silly fetch manifest safer-buffer@>= 2.1.2 < 3.0.0
468 silly packumentCache full:https://registry.npmjs.org/safer-buffer cache-miss
469 http fetch GET 200 https://registry.npmjs.org/safer-buffer 26ms (cache miss)
470 silly packumentCache full:https://registry.npmjs.org/safer-buffer set size:undefined disposed:false
471 silly placeDep ROOT ms@2.1.3 OK for: debug@4.4.3 want: ^2.1.3
472 silly placeDep ROOT ip-address@10.5.0 OK for: express-rate-limit@8.7.0 want: ^10.2.0
473 silly placeDep ROOT foreground-child@3.3.1 OK for: glob@10.5.0 want: ^3.1.0
474 silly placeDep ROOT jackspeak@3.4.3 OK for: glob@10.5.0 want: ^3.1.2
475 silly placeDep node_modules/glob minimatch@9.0.9 OK for: glob@10.5.0 want: ^9.0.4
476 silly placeDep ROOT minipass@7.1.3 OK for: glob@10.5.0 want: ^7.1.2
477 silly placeDep ROOT package-json-from-dist@1.0.1 OK for: glob@10.5.0 want: ^1.0.0
478 silly placeDep ROOT path-scurry@1.11.1 OK for: glob@10.5.0 want: ^1.11.1
479 silly fetch manifest signal-exit@^4.0.1
480 silly packumentCache full:https://registry.npmjs.org/signal-exit cache-miss
481 silly fetch manifest @isaacs/cliui@^8.0.2
482 silly packumentCache full:https://registry.npmjs.org/@isaacs%2fcliui cache-miss
483 silly fetch manifest @pkgjs/parseargs@^0.11.0
484 silly packumentCache full:https://registry.npmjs.org/@pkgjs%2fparseargs cache-miss
485 silly fetch manifest brace-expansion@^2.0.2
486 silly packumentCache full:https://registry.npmjs.org/brace-expansion cache-miss
487 silly fetch manifest lru-cache@^10.2.0
488 silly packumentCache full:https://registry.npmjs.org/lru-cache cache-miss
489 http cache https://registry.npmjs.org/brace-expansion 3ms (cache hit)
490 silly packumentCache full:https://registry.npmjs.org/brace-expansion set size:101024 disposed:false
491 http fetch GET 200 https://registry.npmjs.org/signal-exit 26ms (cache miss)
492 silly packumentCache full:https://registry.npmjs.org/signal-exit set size:undefined disposed:false
493 http fetch GET 200 https://registry.npmjs.org/@isaacs%2fcliui 34ms (cache miss)
494 silly packumentCache full:https://registry.npmjs.org/@isaacs%2fcliui set size:undefined disposed:false
495 http fetch GET 200 https://registry.npmjs.org/lru-cache 34ms (cache miss)
496 silly packumentCache full:https://registry.npmjs.org/lru-cache set size:undefined disposed:false
497 http fetch GET 200 https://registry.npmjs.org/@pkgjs%2fparseargs 39ms (cache miss)
498 silly packumentCache full:https://registry.npmjs.org/@pkgjs%2fparseargs set size:undefined disposed:false
499 silly placeDep ROOT signal-exit@4.1.0 OK for: foreground-child@3.3.1 want: ^4.0.1
500 silly placeDep ROOT inherits@2.0.4 OK for: http-errors@2.0.1 want: ~2.0.4
501 silly placeDep ROOT setprototypeof@1.2.0 OK for: http-errors@2.0.1 want: ~1.2.0
502 silly placeDep ROOT toidentifier@1.0.1 OK for: http-errors@2.0.1 want: ~1.0.1
503 silly placeDep ROOT safer-buffer@2.1.2 OK for: iconv-lite@0.7.3 want: >= 2.1.2 < 3.0.0
504 silly placeDep ROOT @isaacs/cliui@8.0.2 OK for: jackspeak@3.4.3 want: ^8.0.2
505 silly placeDep ROOT @pkgjs/parseargs@0.11.0 OK for: jackspeak@3.4.3 want: ^0.11.0
506 silly fetch manifest wrap-ansi@^8.1.0
507 silly packumentCache full:https://registry.npmjs.org/wrap-ansi cache-miss
508 silly fetch manifest strip-ansi@^7.0.1
509 silly packumentCache full:https://registry.npmjs.org/strip-ansi cache-miss
510 silly fetch manifest string-width@^5.1.2
511 silly packumentCache full:https://registry.npmjs.org/string-width cache-miss
512 silly fetch manifest wrap-ansi-cjs@npm:wrap-ansi@^7.0.0
513 silly packumentCache full:https://registry.npmjs.org/wrap-ansi cache-miss
514 silly fetch manifest strip-ansi-cjs@npm:strip-ansi@^6.0.1
515 silly packumentCache full:https://registry.npmjs.org/strip-ansi cache-miss
516 silly fetch manifest string-width-cjs@npm:string-width@^4.2.0
517 silly packumentCache full:https://registry.npmjs.org/string-width cache-miss
518 http fetch GET 200 https://registry.npmjs.org/wrap-ansi 20ms (cache miss)
519 silly packumentCache full:https://registry.npmjs.org/wrap-ansi set size:undefined disposed:false
520 http fetch GET 200 https://registry.npmjs.org/wrap-ansi 22ms (cache miss)
521 silly packumentCache full:https://registry.npmjs.org/wrap-ansi set size:undefined disposed:false
522 http fetch GET 200 https://registry.npmjs.org/strip-ansi 24ms (cache miss)
523 silly packumentCache full:https://registry.npmjs.org/strip-ansi set size:undefined disposed:false
524 http fetch GET 200 https://registry.npmjs.org/string-width 25ms (cache miss)
525 silly packumentCache full:https://registry.npmjs.org/string-width set size:undefined disposed:false
526 http fetch GET 200 https://registry.npmjs.org/string-width 27ms (cache miss)
527 silly packumentCache full:https://registry.npmjs.org/string-width set size:undefined disposed:false
528 http fetch GET 200 https://registry.npmjs.org/strip-ansi 29ms (cache miss)
529 silly packumentCache full:https://registry.npmjs.org/strip-ansi set size:undefined disposed:false
530 silly placeDep ROOT string-width@5.1.2 OK for: @isaacs/cliui@8.0.2 want: ^5.1.2
531 silly placeDep ROOT string-width-cjs@4.2.3 OK for: @isaacs/cliui@8.0.2 want: npm:string-width@^4.2.0
532 silly placeDep ROOT strip-ansi@7.2.0 OK for: @isaacs/cliui@8.0.2 want: ^7.0.1
533 silly placeDep ROOT strip-ansi-cjs@6.0.1 OK for: @isaacs/cliui@8.0.2 want: npm:strip-ansi@^6.0.1
534 silly placeDep ROOT wrap-ansi@8.1.0 OK for: @isaacs/cliui@8.0.2 want: ^8.1.0
535 silly placeDep ROOT wrap-ansi-cjs@7.0.0 OK for: @isaacs/cliui@8.0.2 want: npm:wrap-ansi@^7.0.0
536 silly fetch manifest emoji-regex@^9.2.2
537 silly packumentCache full:https://registry.npmjs.org/emoji-regex cache-miss
538 silly fetch manifest eastasianwidth@^0.2.0
539 silly packumentCache full:https://registry.npmjs.org/eastasianwidth cache-miss
540 silly fetch manifest strip-ansi@^6.0.1
541 silly packumentCache full:https://registry.npmjs.org/strip-ansi cache-miss
542 silly fetch manifest emoji-regex@^8.0.0
543 silly packumentCache full:https://registry.npmjs.org/emoji-regex cache-miss
544 silly fetch manifest is-fullwidth-code-point@^3.0.0
545 silly packumentCache full:https://registry.npmjs.org/is-fullwidth-code-point cache-miss
546 silly fetch manifest ansi-regex@^6.2.2
547 silly packumentCache full:https://registry.npmjs.org/ansi-regex cache-miss
548 silly fetch manifest ansi-regex@^5.0.1
549 silly packumentCache full:https://registry.npmjs.org/ansi-regex cache-miss
550 http cache https://registry.npmjs.org/strip-ansi 2ms (cache hit)
551 silly packumentCache full:https://registry.npmjs.org/strip-ansi set size:44998 disposed:false
552 silly fetch manifest ansi-styles@^6.1.0
553 silly packumentCache full:https://registry.npmjs.org/ansi-styles cache-miss
554 http fetch GET 200 https://registry.npmjs.org/eastasianwidth 24ms (cache miss)
555 silly packumentCache full:https://registry.npmjs.org/eastasianwidth set size:undefined disposed:false
556 silly fetch manifest strip-ansi@^6.0.0
557 silly packumentCache full:https://registry.npmjs.org/strip-ansi cache-hit
558 silly fetch manifest ansi-styles@^4.0.0
559 silly packumentCache full:https://registry.npmjs.org/ansi-styles cache-miss
560 http fetch GET 200 https://registry.npmjs.org/is-fullwidth-code-point 25ms (cache miss)
561 silly packumentCache full:https://registry.npmjs.org/is-fullwidth-code-point set size:undefined disposed:false
562 silly fetch manifest string-width@^4.1.0
563 silly packumentCache full:https://registry.npmjs.org/string-width cache-miss
564 http fetch GET 200 https://registry.npmjs.org/ansi-regex 25ms (cache miss)
565 silly packumentCache full:https://registry.npmjs.org/ansi-regex set size:undefined disposed:false
566 http fetch GET 200 https://registry.npmjs.org/emoji-regex 26ms (cache miss)
567 silly packumentCache full:https://registry.npmjs.org/emoji-regex set size:undefined disposed:false
568 http fetch GET 200 https://registry.npmjs.org/emoji-regex 26ms (cache miss)
569 silly packumentCache full:https://registry.npmjs.org/emoji-regex set size:undefined disposed:false
570 http fetch GET 200 https://registry.npmjs.org/ansi-regex 28ms (cache miss)
571 silly packumentCache full:https://registry.npmjs.org/ansi-regex set size:undefined disposed:false
572 http cache https://registry.npmjs.org/string-width 3ms (cache hit)
573 silly packumentCache full:https://registry.npmjs.org/string-width set size:72458 disposed:false
574 http fetch GET 200 https://registry.npmjs.org/ansi-styles 28ms (cache miss)
575 silly packumentCache full:https://registry.npmjs.org/ansi-styles set size:undefined disposed:false
576 http fetch GET 200 https://registry.npmjs.org/ansi-styles 27ms (cache miss)
577 silly packumentCache full:https://registry.npmjs.org/ansi-styles set size:undefined disposed:false
578 silly placeDep ROOT mime-db@1.54.0 OK for: mime-types@3.0.2 want: ^1.54.0
579 silly placeDep ROOT brace-expansion@5.0.9 OK for: minimatch@10.2.6 want: ^5.0.8
580 silly fetch manifest balanced-match@^4.0.2
581 silly packumentCache full:https://registry.npmjs.org/balanced-match cache-miss
582 http fetch GET 200 https://registry.npmjs.org/balanced-match 22ms (cache miss)
583 silly packumentCache full:https://registry.npmjs.org/balanced-match set size:undefined disposed:false
584 silly placeDep ROOT balanced-match@4.0.4 OK for: brace-expansion@5.0.9 want: ^4.0.2
585 silly placeDep node_modules/negotiator content-type@2.1.0 OK for: negotiator@1.1.0 want: ^2.1.0
586 silly placeDep ROOT ee-first@1.1.1 OK for: on-finished@2.4.1 want: 1.1.1
587 silly placeDep ROOT wrappy@1.0.2 OK for: once@1.4.0 want: 1
588 silly placeDep ROOT lru-cache@10.4.3 OK for: path-scurry@1.11.1 want: ^10.2.0
589 silly placeDep ROOT forwarded@0.2.0 OK for: proxy-addr@2.0.7 want: 0.2.0
590 silly placeDep ROOT ipaddr.js@1.9.1 OK for: proxy-addr@2.0.7 want: 1.9.1
591 silly placeDep ROOT es-define-property@1.0.1 OK for: qs@6.15.3 want: ^1.0.1
592 silly placeDep ROOT side-channel@1.1.1 OK for: qs@6.15.3 want: ^1.1.1
593 silly fetch manifest es-errors@^1.3.0
594 silly packumentCache full:https://registry.npmjs.org/es-errors cache-miss
595 silly fetch manifest object-inspect@^1.13.4
596 silly packumentCache full:https://registry.npmjs.org/object-inspect cache-miss
597 silly fetch manifest side-channel-list@^1.0.1
598 silly packumentCache full:https://registry.npmjs.org/side-channel-list cache-miss
599 silly fetch manifest side-channel-map@^1.0.1
600 silly packumentCache full:https://registry.npmjs.org/side-channel-map cache-miss
601 silly fetch manifest side-channel-weakmap@^1.0.2
602 silly packumentCache full:https://registry.npmjs.org/side-channel-weakmap cache-miss
603 http fetch GET 200 https://registry.npmjs.org/side-channel-list 20ms (cache miss)
604 silly packumentCache full:https://registry.npmjs.org/side-channel-list set size:undefined disposed:false
605 http fetch GET 200 https://registry.npmjs.org/object-inspect 24ms (cache miss)
606 silly packumentCache full:https://registry.npmjs.org/object-inspect set size:undefined disposed:false
607 http fetch GET 200 https://registry.npmjs.org/es-errors 26ms (cache miss)
608 silly packumentCache full:https://registry.npmjs.org/es-errors set size:undefined disposed:false
609 http fetch GET 200 https://registry.npmjs.org/side-channel-map 26ms (cache miss)
610 silly packumentCache full:https://registry.npmjs.org/side-channel-map set size:undefined disposed:false
611 http fetch GET 200 https://registry.npmjs.org/side-channel-weakmap 30ms (cache miss)
612 silly packumentCache full:https://registry.npmjs.org/side-channel-weakmap set size:undefined disposed:false
613 silly placeDep ROOT unpipe@1.0.0 OK for: raw-body@3.0.2 want: ~1.0.0
614 silly placeDep ROOT is-promise@4.0.0 OK for: router@2.2.0 want: ^4.0.0
615 silly placeDep ROOT path-to-regexp@8.4.2 OK for: router@2.2.0 want: ^8.0.0
616 silly placeDep ROOT shebang-regex@3.0.0 OK for: shebang-command@2.0.0 want: ^3.0.0
617 silly placeDep ROOT es-errors@1.3.0 OK for: side-channel@1.1.1 want: ^1.3.0
618 silly placeDep ROOT object-inspect@1.13.4 OK for: side-channel@1.1.1 want: ^1.13.4
619 silly placeDep ROOT side-channel-list@1.0.1 OK for: side-channel@1.1.1 want: ^1.0.1
620 silly placeDep ROOT side-channel-map@1.0.1 OK for: side-channel@1.1.1 want: ^1.0.1
621 silly placeDep ROOT side-channel-weakmap@1.0.2 OK for: side-channel@1.1.1 want: ^1.0.2
622 silly fetch manifest call-bound@^1.0.2
623 silly packumentCache full:https://registry.npmjs.org/call-bound cache-miss
624 silly fetch manifest get-intrinsic@^1.2.5
625 silly packumentCache full:https://registry.npmjs.org/get-intrinsic cache-miss
626 silly fetch manifest call-bound@^1.0.2
627 silly packumentCache full:https://registry.npmjs.org/call-bound cache-miss
628 silly fetch manifest get-intrinsic@^1.2.5
629 silly packumentCache full:https://registry.npmjs.org/get-intrinsic cache-miss
630 http fetch GET 200 https://registry.npmjs.org/call-bound 20ms (cache miss)
631 silly packumentCache full:https://registry.npmjs.org/call-bound set size:undefined disposed:false
632 http fetch GET 200 https://registry.npmjs.org/call-bound 23ms (cache miss)
633 silly packumentCache full:https://registry.npmjs.org/call-bound set size:undefined disposed:false
634 http fetch GET 200 https://registry.npmjs.org/get-intrinsic 26ms (cache miss)
635 silly packumentCache full:https://registry.npmjs.org/get-intrinsic set size:undefined disposed:false
636 http fetch GET 200 https://registry.npmjs.org/get-intrinsic 27ms (cache miss)
637 silly packumentCache full:https://registry.npmjs.org/get-intrinsic set size:undefined disposed:false
638 silly placeDep ROOT call-bound@1.0.4 OK for: side-channel-map@1.0.1 want: ^1.0.2
639 silly placeDep ROOT get-intrinsic@1.3.0 OK for: side-channel-map@1.0.1 want: ^1.2.5
640 silly fetch manifest call-bind-apply-helpers@^1.0.2
641 silly packumentCache full:https://registry.npmjs.org/call-bind-apply-helpers cache-miss
642 silly fetch manifest get-intrinsic@^1.3.0
643 silly packumentCache full:https://registry.npmjs.org/get-intrinsic cache-miss
644 silly fetch manifest gopd@^1.2.0
645 silly packumentCache full:https://registry.npmjs.org/gopd cache-miss
646 silly fetch manifest hasown@^2.0.2
647 silly packumentCache full:https://registry.npmjs.org/hasown cache-miss
648 silly fetch manifest get-proto@^1.0.1
649 silly packumentCache full:https://registry.npmjs.org/get-proto cache-miss
650 silly fetch manifest has-symbols@^1.1.0
651 silly packumentCache full:https://registry.npmjs.org/has-symbols cache-miss
652 silly fetch manifest function-bind@^1.1.2
653 silly packumentCache full:https://registry.npmjs.org/function-bind cache-miss
654 http cache https://registry.npmjs.org/get-intrinsic 2ms (cache hit)
655 silly packumentCache full:https://registry.npmjs.org/get-intrinsic set size:60985 disposed:false
656 silly fetch manifest es-object-atoms@^1.1.1
657 silly packumentCache full:https://registry.npmjs.org/es-object-atoms cache-miss
658 http fetch GET 200 https://registry.npmjs.org/call-bind-apply-helpers 21ms (cache miss)
659 silly packumentCache full:https://registry.npmjs.org/call-bind-apply-helpers set size:undefined disposed:false
660 silly fetch manifest math-intrinsics@^1.1.0
661 silly packumentCache full:https://registry.npmjs.org/math-intrinsics cache-miss
662 http fetch GET 200 https://registry.npmjs.org/es-object-atoms 21ms (cache miss)
663 silly packumentCache full:https://registry.npmjs.org/es-object-atoms set size:undefined disposed:false
664 http fetch GET 200 https://registry.npmjs.org/has-symbols 23ms (cache miss)
665 silly packumentCache full:https://registry.npmjs.org/has-symbols set size:undefined disposed:false
666 http fetch GET 200 https://registry.npmjs.org/get-proto 25ms (cache miss)
667 silly packumentCache full:https://registry.npmjs.org/get-proto set size:undefined disposed:false
668 http fetch GET 200 https://registry.npmjs.org/function-bind 26ms (cache miss)
669 silly packumentCache full:https://registry.npmjs.org/function-bind set size:undefined disposed:false
670 http fetch GET 200 https://registry.npmjs.org/gopd 26ms (cache miss)
671 silly packumentCache full:https://registry.npmjs.org/gopd set size:undefined disposed:false
672 http fetch GET 200 https://registry.npmjs.org/hasown 27ms (cache miss)
673 silly packumentCache full:https://registry.npmjs.org/hasown set size:undefined disposed:false
674 http fetch GET 200 https://registry.npmjs.org/math-intrinsics 21ms (cache miss)
675 silly packumentCache full:https://registry.npmjs.org/math-intrinsics set size:undefined disposed:false
676 silly placeDep ROOT call-bind-apply-helpers@1.0.2 OK for: call-bound@1.0.4 want: ^1.0.2
677 silly placeDep ROOT function-bind@1.1.2 OK for: call-bind-apply-helpers@1.0.2 want: ^1.1.2
678 silly placeDep ROOT es-object-atoms@1.1.2 OK for: get-intrinsic@1.3.0 want: ^1.1.1
679 silly placeDep ROOT get-proto@1.0.1 OK for: get-intrinsic@1.3.0 want: ^1.0.1
680 silly placeDep ROOT gopd@1.2.0 OK for: get-intrinsic@1.3.0 want: ^1.2.0
681 silly placeDep ROOT has-symbols@1.1.0 OK for: get-intrinsic@1.3.0 want: ^1.1.0
682 silly placeDep ROOT hasown@2.0.4 OK for: get-intrinsic@1.3.0 want: ^2.0.2
683 silly placeDep ROOT math-intrinsics@1.1.0 OK for: get-intrinsic@1.3.0 want: ^1.1.0
684 silly fetch manifest dunder-proto@^1.0.1
685 silly packumentCache full:https://registry.npmjs.org/dunder-proto cache-miss
686 http fetch GET 200 https://registry.npmjs.org/dunder-proto 21ms (cache miss)
687 silly packumentCache full:https://registry.npmjs.org/dunder-proto set size:undefined disposed:false
688 silly placeDep ROOT dunder-proto@1.0.1 OK for: get-proto@1.0.1 want: ^1.0.1
689 silly placeDep ROOT eastasianwidth@0.2.0 OK for: string-width@5.1.2 want: ^0.2.0
690 silly placeDep ROOT emoji-regex@9.2.2 OK for: string-width@5.1.2 want: ^9.2.2
691 silly placeDep node_modules/string-width-cjs emoji-regex@8.0.0 OK for: string-width@4.2.3 want: ^8.0.0
692 silly placeDep ROOT is-fullwidth-code-point@3.0.0 OK for: string-width@4.2.3 want: ^3.0.0
693 silly placeDep node_modules/string-width-cjs strip-ansi@6.0.1 OK for: string-width@4.2.3 want: ^6.0.1
694 silly placeDep ROOT ansi-regex@6.3.0 OK for: strip-ansi@7.2.0 want: ^6.2.2
695 silly placeDep node_modules/strip-ansi-cjs ansi-regex@5.0.1 OK for: strip-ansi@6.0.1 want: ^5.0.1
696 silly placeDep node_modules/type-is content-type@2.1.0 OK for: type-is@2.1.0 want: ^2.0.0
697 silly placeDep ROOT media-typer@1.1.1 OK for: type-is@2.1.0 want: ^1.1.0
698 silly placeDep ROOT isexe@2.0.0 OK for: which@2.0.2 want: ^2.0.0
699 silly placeDep ROOT ansi-styles@6.2.3 OK for: wrap-ansi@8.1.0 want: ^6.1.0
700 silly placeDep node_modules/wrap-ansi-cjs ansi-styles@4.3.0 OK for: wrap-ansi@7.0.0 want: ^4.0.0
701 silly placeDep node_modules/wrap-ansi-cjs string-width@4.2.3 OK for: wrap-ansi@7.0.0 want: ^4.1.0
702 silly placeDep node_modules/wrap-ansi-cjs strip-ansi@6.0.1 OK for: wrap-ansi@7.0.0 want: ^6.0.0
703 silly fetch manifest color-convert@^2.0.1
704 silly packumentCache full:https://registry.npmjs.org/color-convert cache-miss
705 http fetch GET 200 https://registry.npmjs.org/color-convert 20ms (cache miss)
706 silly packumentCache full:https://registry.npmjs.org/color-convert set size:undefined disposed:false
707 silly placeDep node_modules/glob brace-expansion@2.1.4 OK for: minimatch@9.0.9 want: ^2.0.2
708 silly fetch manifest balanced-match@^1.0.0
709 silly packumentCache full:https://registry.npmjs.org/balanced-match cache-miss
710 http cache https://registry.npmjs.org/balanced-match 0ms (cache hit)
711 silly packumentCache full:https://registry.npmjs.org/balanced-match set size:39082 disposed:false
712 silly placeDep node_modules/glob balanced-match@1.0.2 OK for: brace-expansion@2.1.4 want: ^1.0.0
713 silly placeDep node_modules/string-width-cjs ansi-regex@5.0.1 OK for: strip-ansi@6.0.1 want: ^5.0.1
714 silly placeDep ROOT color-convert@2.0.1 OK for: ansi-styles@4.3.0 want: ^2.0.1
715 silly fetch manifest color-name@~1.1.4
716 silly packumentCache full:https://registry.npmjs.org/color-name cache-miss
717 http fetch GET 200 https://registry.npmjs.org/color-name 21ms (cache miss)
718 silly packumentCache full:https://registry.npmjs.org/color-name set size:undefined disposed:false
719 silly placeDep ROOT color-name@1.1.4 OK for: color-convert@2.0.1 want: ~1.1.4
720 silly placeDep node_modules/wrap-ansi-cjs emoji-regex@8.0.0 OK for: string-width@4.2.3 want: ^8.0.0
721 silly placeDep node_modules/wrap-ansi-cjs ansi-regex@5.0.1 OK for: strip-ansi@6.0.1 want: ^5.0.1
722 silly reify moves {}
723 silly audit bulk request {
723 silly audit   '@modelcontextprotocol/server-filesystem': [ '2026.7.10' ],
723 silly audit   '@modelcontextprotocol/sdk': [ '1.30.0' ],
723 silly audit   diff: [ '8.0.4' ],
723 silly audit   glob: [ '10.5.0' ],
723 silly audit   minimatch: [ '10.2.6', '9.0.9' ],
723 silly audit   '@hono/node-server': [ '2.1.1' ],
723 silly audit   hono: [ '4.13.5' ],
723 silly audit   ajv: [ '8.20.0' ],
723 silly audit   'ajv-formats': [ '3.0.1' ],
723 silly audit   'content-type': [ '1.0.5', '2.1.0' ],
723 silly audit   cors: [ '2.8.6' ],
723 silly audit   'cross-spawn': [ '7.0.6' ],
723 silly audit   eventsource: [ '3.0.7' ],
723 silly audit   'eventsource-parser': [ '3.1.1' ],
723 silly audit   express: [ '5.2.1' ],
723 silly audit   'express-rate-limit': [ '8.7.0' ],
723 silly audit   jose: [ '6.2.10' ],
723 silly audit   'json-schema-typed': [ '8.0.2' ],
723 silly audit   'pkce-challenge': [ '5.0.1' ],
723 silly audit   'raw-body': [ '3.0.2' ],
723 silly audit   zod: [ '4.5.2' ],
723 silly audit   'zod-to-json-schema': [ '3.25.2' ],
723 silly audit   'fast-deep-equal': [ '3.1.3' ],
723 silly audit   'fast-uri': [ '3.1.6' ],
723 silly audit   'json-schema-traverse': [ '1.0.0' ],
723 silly audit   'require-from-string': [ '2.0.2' ],
723 silly audit   'object-assign': [ '4.1.1' ],
723 silly audit   vary: [ '1.1.2' ],
723 silly audit   'path-key': [ '3.1.1' ],
723 silly audit   'shebang-command': [ '2.0.0' ],
723 silly audit   which: [ '2.0.2' ],
723 silly audit   accepts: [ '2.0.0' ],
723 silly audit   'body-parser': [ '2.3.0' ],
723 silly audit   'content-disposition': [ '1.1.0' ],
723 silly audit   cookie: [ '0.7.2' ],
723 silly audit   'cookie-signature': [ '1.2.2' ],
723 silly audit   debug: [ '4.4.3' ],
723 silly audit   depd: [ '2.0.0' ],
723 silly audit   encodeurl: [ '2.0.0' ],
723 silly audit   'escape-html': [ '1.0.3' ],
723 silly audit   etag: [ '1.8.1' ],
723 silly audit   finalhandler: [ '2.1.1' ],
723 silly audit   fresh: [ '2.0.0' ],
723 silly audit   'http-errors': [ '2.0.1' ],
723 silly audit   'merge-descriptors': [ '2.0.0' ],
723 silly audit   'mime-types': [ '3.0.2' ],
723 silly audit   'on-finished': [ '2.4.1' ],
723 silly audit   once: [ '1.4.0' ],
723 silly audit   parseurl: [ '1.3.3' ],
723 silly audit   'proxy-addr': [ '2.0.7' ],
723 silly audit   qs: [ '6.15.3' ],
723 silly audit   'range-parser': [ '1.3.0' ],
723 silly audit   router: [ '2.2.0' ],
723 silly audit   send: [ '1.2.1' ],
723 silly audit   'serve-static': [ '2.2.1' ],
723 silly audit   statuses: [ '2.0.2' ],
723 silly audit   'type-is': [ '2.1.0' ],
723 silly audit   negotiator: [ '1.1.0' ],
723 silly audit   bytes: [ '3.1.2' ],
723 silly audit   'iconv-lite': [ '0.7.3' ],
723 silly audit   ms: [ '2.1.3' ],
723 silly audit   'ip-address': [ '10.5.0' ],
723 silly audit   'foreground-child': [ '3.3.1' ],
723 silly audit   jackspeak: [ '3.4.3' ],
723 silly audit   minipass: [ '7.1.3' ],
723 silly audit   'package-json-from-dist': [ '1.0.1' ],
723 silly audit   'path-scurry': [ '1.11.1' ],
723 silly audit   'signal-exit': [ '4.1.0' ],
723 silly audit   inherits: [ '2.0.4' ],
723 silly audit   setprototypeof: [ '1.2.0' ],
723 silly audit   toidentifier: [ '1.0.1' ],
723 silly audit   'safer-buffer': [ '2.1.2' ],
723 silly audit   '@isaacs/cliui': [ '8.0.2' ],
723 silly audit   '@pkgjs/parseargs': [ '0.11.0' ],
723 silly audit   'string-width': [ '5.1.2', '4.2.3' ],
723 silly audit   'strip-ansi': [ '7.2.0', '6.0.1' ],
723 silly audit   'wrap-ansi': [ '8.1.0', '7.0.0' ],
723 silly audit   'mime-db': [ '1.54.0' ],
723 silly audit   'brace-expansion': [ '5.0.9', '2.1.4' ],
723 silly audit   'balanced-match': [ '4.0.4', '1.0.2' ],
723 silly audit   'ee-first': [ '1.1.1' ],
723 silly audit   wrappy: [ '1.0.2' ],
723 silly audit   'lru-cache': [ '10.4.3' ],
723 silly audit   forwarded: [ '0.2.0' ],
723 silly audit   'ipaddr.js': [ '1.9.1' ],
723 silly audit   'es-define-property': [ '1.0.1' ],
723 silly audit   'side-channel': [ '1.1.1' ],
723 silly audit   unpipe: [ '1.0.0' ],
723 silly audit   'is-promise': [ '4.0.0' ],
723 silly audit   'path-to-regexp': [ '8.4.2' ],
723 silly audit   'shebang-regex': [ '3.0.0' ],
723 silly audit   'es-errors': [ '1.3.0' ],
723 silly audit   'object-inspect': [ '1.13.4' ],
723 silly audit   'side-channel-list': [ '1.0.1' ],
723 silly audit   'side-channel-map': [ '1.0.1' ],
723 silly audit   'side-channel-weakmap': [ '1.0.2' ],
723 silly audit   'call-bound': [ '1.0.4' ],
723 silly audit   'get-intrinsic': [ '1.3.0' ],
723 silly audit   'call-bind-apply-helpers': [ '1.0.2' ],
723 silly audit   'function-bind': [ '1.1.2' ],
723 silly audit   'es-object-atoms': [ '1.1.2' ],
723 silly audit   'get-proto': [ '1.0.1' ],
723 silly audit   gopd: [ '1.2.0' ],
723 silly audit   'has-symbols': [ '1.1.0' ],
723 silly audit   hasown: [ '2.0.4' ],
723 silly audit   'math-intrinsics': [ '1.1.0' ],
723 silly audit   'dunder-proto': [ '1.0.1' ],
723 silly audit   eastasianwidth: [ '0.2.0' ],
723 silly audit   'emoji-regex': [ '9.2.2', '8.0.0' ],
723 silly audit   'is-fullwidth-code-point': [ '3.0.0' ],
723 silly audit   'ansi-regex': [ '6.3.0', '5.0.1' ],
723 silly audit   'media-typer': [ '1.1.1' ],
723 silly audit   isexe: [ '2.0.0' ],
723 silly audit   'ansi-styles': [ '6.2.3', '4.3.0' ],
723 silly audit   'color-convert': [ '2.0.1' ],
723 silly audit   'color-name': [ '1.1.4' ]
723 silly audit }
724 http cache color-convert@https://registry.npmjs.org/color-convert/-/color-convert-2.0.1.tgz 0ms (cache hit)
725 http cache color-name@https://registry.npmjs.org/color-name/-/color-name-1.1.4.tgz 0ms (cache hit)
726 http cache isexe@https://registry.npmjs.org/isexe/-/isexe-2.0.0.tgz 0ms (cache hit)
727 http cache ansi-styles@https://registry.npmjs.org/ansi-styles/-/ansi-styles-6.2.3.tgz 0ms (cache hit)
728 http cache media-typer@https://registry.npmjs.org/media-typer/-/media-typer-1.1.1.tgz 0ms (cache hit)
729 http cache is-fullwidth-code-point@https://registry.npmjs.org/is-fullwidth-code-point/-/is-fullwidth-code-point-3.0.0.tgz 0ms (cache hit)
730 http cache emoji-regex@https://registry.npmjs.org/emoji-regex/-/emoji-regex-9.2.2.tgz 0ms (cache hit)
731 http cache ansi-regex@https://registry.npmjs.org/ansi-regex/-/ansi-regex-6.3.0.tgz 0ms (cache hit)
732 http cache eastasianwidth@https://registry.npmjs.org/eastasianwidth/-/eastasianwidth-0.2.0.tgz 0ms (cache hit)
733 http cache dunder-proto@https://registry.npmjs.org/dunder-proto/-/dunder-proto-1.0.1.tgz 0ms (cache hit)
734 http cache math-intrinsics@https://registry.npmjs.org/math-intrinsics/-/math-intrinsics-1.1.0.tgz 0ms (cache hit)
735 http cache hasown@https://registry.npmjs.org/hasown/-/hasown-2.0.4.tgz 0ms (cache hit)
736 http cache has-symbols@https://registry.npmjs.org/has-symbols/-/has-symbols-1.1.0.tgz 0ms (cache hit)
737 http cache get-proto@https://registry.npmjs.org/get-proto/-/get-proto-1.0.1.tgz 0ms (cache hit)
738 http cache es-object-atoms@https://registry.npmjs.org/es-object-atoms/-/es-object-atoms-1.1.2.tgz 0ms (cache hit)
739 http cache gopd@https://registry.npmjs.org/gopd/-/gopd-1.2.0.tgz 0ms (cache hit)
740 http cache function-bind@https://registry.npmjs.org/function-bind/-/function-bind-1.1.2.tgz 0ms (cache hit)
741 http cache call-bind-apply-helpers@https://registry.npmjs.org/call-bind-apply-helpers/-/call-bind-apply-helpers-1.0.2.tgz 0ms (cache hit)
742 http cache call-bound@https://registry.npmjs.org/call-bound/-/call-bound-1.0.4.tgz 0ms (cache hit)
743 http cache side-channel-weakmap@https://registry.npmjs.org/side-channel-weakmap/-/side-channel-weakmap-1.0.2.tgz 0ms (cache hit)
744 http cache side-channel-map@https://registry.npmjs.org/side-channel-map/-/side-channel-map-1.0.1.tgz 0ms (cache hit)
745 http cache side-channel-list@https://registry.npmjs.org/side-channel-list/-/side-channel-list-1.0.1.tgz 0ms (cache hit)
746 http cache get-intrinsic@https://registry.npmjs.org/get-intrinsic/-/get-intrinsic-1.3.0.tgz 0ms (cache hit)
747 http cache object-inspect@https://registry.npmjs.org/object-inspect/-/object-inspect-1.13.4.tgz 0ms (cache hit)
748 http cache es-errors@https://registry.npmjs.org/es-errors/-/es-errors-1.3.0.tgz 0ms (cache hit)
749 http cache shebang-regex@https://registry.npmjs.org/shebang-regex/-/shebang-regex-3.0.0.tgz 0ms (cache hit)
750 http cache path-to-regexp@https://registry.npmjs.org/path-to-regexp/-/path-to-regexp-8.4.2.tgz 0ms (cache hit)
751 http cache is-promise@https://registry.npmjs.org/is-promise/-/is-promise-4.0.0.tgz 1ms (cache hit)
752 http cache unpipe@https://registry.npmjs.org/unpipe/-/unpipe-1.0.0.tgz 0ms (cache hit)
753 http cache side-channel@https://registry.npmjs.org/side-channel/-/side-channel-1.1.1.tgz 0ms (cache hit)
754 http cache es-define-property@https://registry.npmjs.org/es-define-property/-/es-define-property-1.0.1.tgz 0ms (cache hit)
755 http cache ipaddr.js@https://registry.npmjs.org/ipaddr.js/-/ipaddr.js-1.9.1.tgz 0ms (cache hit)
756 http cache forwarded@https://registry.npmjs.org/forwarded/-/forwarded-0.2.0.tgz 0ms (cache hit)
757 http cache lru-cache@https://registry.npmjs.org/lru-cache/-/lru-cache-10.4.3.tgz 0ms (cache hit)
758 http cache wrappy@https://registry.npmjs.org/wrappy/-/wrappy-1.0.2.tgz 0ms (cache hit)
759 http cache ee-first@https://registry.npmjs.org/ee-first/-/ee-first-1.1.1.tgz 0ms (cache hit)
760 http cache balanced-match@https://registry.npmjs.org/balanced-match/-/balanced-match-4.0.4.tgz 0ms (cache hit)
761 http cache brace-expansion@https://registry.npmjs.org/brace-expansion/-/brace-expansion-5.0.9.tgz 0ms (cache hit)
762 http cache mime-db@https://registry.npmjs.org/mime-db/-/mime-db-1.54.0.tgz 0ms (cache hit)
763 http cache wrap-ansi-cjs@https://registry.npmjs.org/wrap-ansi/-/wrap-ansi-7.0.0.tgz 0ms (cache hit)
764 http cache wrap-ansi@https://registry.npmjs.org/wrap-ansi/-/wrap-ansi-8.1.0.tgz 0ms (cache hit)
765 http cache strip-ansi-cjs@https://registry.npmjs.org/strip-ansi/-/strip-ansi-6.0.1.tgz 0ms (cache hit)
766 http cache strip-ansi@https://registry.npmjs.org/strip-ansi/-/strip-ansi-7.2.0.tgz 0ms (cache hit)
767 http cache string-width-cjs@https://registry.npmjs.org/string-width/-/string-width-4.2.3.tgz 0ms (cache hit)
768 http cache string-width@https://registry.npmjs.org/string-width/-/string-width-5.1.2.tgz 0ms (cache hit)
769 http cache @pkgjs/parseargs@https://registry.npmjs.org/@pkgjs/parseargs/-/parseargs-0.11.0.tgz 0ms (cache hit)
770 http cache @isaacs/cliui@https://registry.npmjs.org/@isaacs/cliui/-/cliui-8.0.2.tgz 0ms (cache hit)
771 http cache safer-buffer@https://registry.npmjs.org/safer-buffer/-/safer-buffer-2.1.2.tgz 0ms (cache hit)
772 http cache toidentifier@https://registry.npmjs.org/toidentifier/-/toidentifier-1.0.1.tgz 0ms (cache hit)
773 http cache setprototypeof@https://registry.npmjs.org/setprototypeof/-/setprototypeof-1.2.0.tgz 0ms (cache hit)
774 http cache inherits@https://registry.npmjs.org/inherits/-/inherits-2.0.4.tgz 0ms (cache hit)
775 http cache signal-exit@https://registry.npmjs.org/signal-exit/-/signal-exit-4.1.0.tgz 0ms (cache hit)
776 http cache path-scurry@https://registry.npmjs.org/path-scurry/-/path-scurry-1.11.1.tgz 0ms (cache hit)
777 http cache package-json-from-dist@https://registry.npmjs.org/package-json-from-dist/-/package-json-from-dist-1.0.1.tgz 0ms (cache hit)
778 http cache minipass@https://registry.npmjs.org/minipass/-/minipass-7.1.3.tgz 0ms (cache hit)
779 http cache jackspeak@https://registry.npmjs.org/jackspeak/-/jackspeak-3.4.3.tgz 0ms (cache hit)
780 http cache foreground-child@https://registry.npmjs.org/foreground-child/-/foreground-child-3.3.1.tgz 0ms (cache hit)
781 http cache ip-address@https://registry.npmjs.org/ip-address/-/ip-address-10.5.0.tgz 0ms (cache hit)
782 http cache ms@https://registry.npmjs.org/ms/-/ms-2.1.3.tgz 0ms (cache hit)
783 http cache iconv-lite@https://registry.npmjs.org/iconv-lite/-/iconv-lite-0.7.3.tgz 0ms (cache hit)
784 http cache bytes@https://registry.npmjs.org/bytes/-/bytes-3.1.2.tgz 0ms (cache hit)
785 http cache negotiator@https://registry.npmjs.org/negotiator/-/negotiator-1.1.0.tgz 0ms (cache hit)
786 http cache type-is@https://registry.npmjs.org/type-is/-/type-is-2.1.0.tgz 0ms (cache hit)
787 http cache statuses@https://registry.npmjs.org/statuses/-/statuses-2.0.2.tgz 0ms (cache hit)
788 http cache serve-static@https://registry.npmjs.org/serve-static/-/serve-static-2.2.1.tgz 0ms (cache hit)
789 http cache send@https://registry.npmjs.org/send/-/send-1.2.1.tgz 0ms (cache hit)
790 http cache router@https://registry.npmjs.org/router/-/router-2.2.0.tgz 0ms (cache hit)
791 http cache range-parser@https://registry.npmjs.org/range-parser/-/range-parser-1.3.0.tgz 0ms (cache hit)
792 http cache qs@https://registry.npmjs.org/qs/-/qs-6.15.3.tgz 0ms (cache hit)
793 http cache proxy-addr@https://registry.npmjs.org/proxy-addr/-/proxy-addr-2.0.7.tgz 0ms (cache hit)
794 http cache parseurl@https://registry.npmjs.org/parseurl/-/parseurl-1.3.3.tgz 0ms (cache hit)
795 http cache once@https://registry.npmjs.org/once/-/once-1.4.0.tgz 0ms (cache hit)
796 http cache on-finished@https://registry.npmjs.org/on-finished/-/on-finished-2.4.1.tgz 0ms (cache hit)
797 http cache mime-types@https://registry.npmjs.org/mime-types/-/mime-types-3.0.2.tgz 0ms (cache hit)
798 http cache merge-descriptors@https://registry.npmjs.org/merge-descriptors/-/merge-descriptors-2.0.0.tgz 0ms (cache hit)
799 http cache http-errors@https://registry.npmjs.org/http-errors/-/http-errors-2.0.1.tgz 0ms (cache hit)
800 http cache fresh@https://registry.npmjs.org/fresh/-/fresh-2.0.0.tgz 0ms (cache hit)
801 http cache etag@https://registry.npmjs.org/etag/-/etag-1.8.1.tgz 0ms (cache hit)
802 http cache finalhandler@https://registry.npmjs.org/finalhandler/-/finalhandler-2.1.1.tgz 0ms (cache hit)
803 http cache escape-html@https://registry.npmjs.org/escape-html/-/escape-html-1.0.3.tgz 0ms (cache hit)
804 http cache encodeurl@https://registry.npmjs.org/encodeurl/-/encodeurl-2.0.0.tgz 0ms (cache hit)
805 http cache depd@https://registry.npmjs.org/depd/-/depd-2.0.0.tgz 0ms (cache hit)
806 http cache cookie-signature@https://registry.npmjs.org/cookie-signature/-/cookie-signature-1.2.2.tgz 0ms (cache hit)
807 http cache cookie@https://registry.npmjs.org/cookie/-/cookie-0.7.2.tgz 0ms (cache hit)
808 http cache content-disposition@https://registry.npmjs.org/content-disposition/-/content-disposition-1.1.0.tgz 0ms (cache hit)
809 http cache debug@https://registry.npmjs.org/debug/-/debug-4.4.3.tgz 0ms (cache hit)
810 http cache body-parser@https://registry.npmjs.org/body-parser/-/body-parser-2.3.0.tgz 0ms (cache hit)
811 http cache accepts@https://registry.npmjs.org/accepts/-/accepts-2.0.0.tgz 0ms (cache hit)
812 http cache which@https://registry.npmjs.org/which/-/which-2.0.2.tgz 0ms (cache hit)
813 http cache shebang-command@https://registry.npmjs.org/shebang-command/-/shebang-command-2.0.0.tgz 0ms (cache hit)
814 http cache path-key@https://registry.npmjs.org/path-key/-/path-key-3.1.1.tgz 0ms (cache hit)
815 http cache vary@https://registry.npmjs.org/vary/-/vary-1.1.2.tgz 0ms (cache hit)
816 http cache object-assign@https://registry.npmjs.org/object-assign/-/object-assign-4.1.1.tgz 0ms (cache hit)
817 http cache json-schema-traverse@https://registry.npmjs.org/json-schema-traverse/-/json-schema-traverse-1.0.0.tgz 0ms (cache hit)
818 http cache require-from-string@https://registry.npmjs.org/require-from-string/-/require-from-string-2.0.2.tgz 0ms (cache hit)
819 http cache fast-uri@https://registry.npmjs.org/fast-uri/-/fast-uri-3.1.6.tgz 0ms (cache hit)
820 http cache fast-deep-equal@https://registry.npmjs.org/fast-deep-equal/-/fast-deep-equal-3.1.3.tgz 0ms (cache hit)
821 http cache zod-to-json-schema@https://registry.npmjs.org/zod-to-json-schema/-/zod-to-json-schema-3.25.2.tgz 0ms (cache hit)
822 http cache zod@https://registry.npmjs.org/zod/-/zod-4.5.2.tgz 0ms (cache hit)
823 http cache raw-body@https://registry.npmjs.org/raw-body/-/raw-body-3.0.2.tgz 0ms (cache hit)
824 http cache pkce-challenge@https://registry.npmjs.org/pkce-challenge/-/pkce-challenge-5.0.1.tgz 0ms (cache hit)
825 http cache json-schema-typed@https://registry.npmjs.org/json-schema-typed/-/json-schema-typed-8.0.2.tgz 0ms (cache hit)
826 http cache jose@https://registry.npmjs.org/jose/-/jose-6.2.10.tgz 0ms (cache hit)
827 http cache express@https://registry.npmjs.org/express/-/express-5.2.1.tgz 0ms (cache hit)
828 http cache eventsource-parser@https://registry.npmjs.org/eventsource-parser/-/eventsource-parser-3.1.1.tgz 0ms (cache hit)
829 http cache eventsource@https://registry.npmjs.org/eventsource/-/eventsource-3.0.7.tgz 0ms (cache hit)
830 http cache cross-spawn@https://registry.npmjs.org/cross-spawn/-/cross-spawn-7.0.6.tgz 0ms (cache hit)
831 http cache cors@https://registry.npmjs.org/cors/-/cors-2.8.6.tgz 0ms (cache hit)
832 http cache content-type@https://registry.npmjs.org/content-type/-/content-type-1.0.5.tgz 0ms (cache hit)
833 http cache ajv-formats@https://registry.npmjs.org/ajv-formats/-/ajv-formats-3.0.1.tgz 0ms (cache hit)
834 http cache ajv@https://registry.npmjs.org/ajv/-/ajv-8.20.0.tgz 0ms (cache hit)
835 http cache hono@https://registry.npmjs.org/hono/-/hono-4.13.5.tgz 0ms (cache hit)
836 http cache @hono/node-server@https://registry.npmjs.org/@hono/node-server/-/node-server-2.1.1.tgz 0ms (cache hit)
837 http cache minimatch@https://registry.npmjs.org/minimatch/-/minimatch-10.2.6.tgz 0ms (cache hit)
838 http cache glob@https://registry.npmjs.org/glob/-/glob-10.5.0.tgz 0ms (cache hit)
839 http cache diff@https://registry.npmjs.org/diff/-/diff-8.0.4.tgz 0ms (cache hit)
840 http cache @modelcontextprotocol/sdk@https://registry.npmjs.org/@modelcontextprotocol/sdk/-/sdk-1.30.0.tgz 0ms (cache hit)
841 http cache @modelcontextprotocol/server-filesystem@https://registry.npmjs.org/@modelcontextprotocol/server-filesystem/-/server-filesystem-2026.7.10.tgz 0ms (cache hit)
842 http cache ansi-regex@https://registry.npmjs.org/ansi-regex/-/ansi-regex-5.0.1.tgz 0ms (cache hit)
843 http cache emoji-regex@https://registry.npmjs.org/emoji-regex/-/emoji-regex-8.0.0.tgz 0ms (cache hit)
844 http cache string-width@https://registry.npmjs.org/string-width/-/string-width-4.2.3.tgz 0ms (cache hit)
845 http cache ansi-styles@https://registry.npmjs.org/ansi-styles/-/ansi-styles-4.3.0.tgz 0ms (cache hit)
846 http cache ansi-regex@https://registry.npmjs.org/ansi-regex/-/ansi-regex-5.0.1.tgz 0ms (cache hit)
847 http cache strip-ansi@https://registry.npmjs.org/strip-ansi/-/strip-ansi-6.0.1.tgz 0ms (cache hit)
848 http cache ansi-regex@https://registry.npmjs.org/ansi-regex/-/ansi-regex-5.0.1.tgz 0ms (cache hit)
849 http cache emoji-regex@https://registry.npmjs.org/emoji-regex/-/emoji-regex-8.0.0.tgz 0ms (cache hit)
850 http cache content-type@https://registry.npmjs.org/content-type/-/content-type-2.1.0.tgz 0ms (cache hit)
851 http cache content-type@https://registry.npmjs.org/content-type/-/content-type-2.1.0.tgz 0ms (cache hit)
852 http cache content-type@https://registry.npmjs.org/content-type/-/content-type-2.1.0.tgz 0ms (cache hit)
853 http cache balanced-match@https://registry.npmjs.org/balanced-match/-/balanced-match-1.0.2.tgz 0ms (cache hit)
854 http cache brace-expansion@https://registry.npmjs.org/brace-expansion/-/brace-expansion-2.1.4.tgz 0ms (cache hit)
855 http cache minimatch@https://registry.npmjs.org/minimatch/-/minimatch-9.0.9.tgz 0ms (cache hit)
856 http cache strip-ansi@https://registry.npmjs.org/strip-ansi/-/strip-ansi-6.0.1.tgz 0ms (cache hit)
857 http cache express-rate-limit@https://registry.npmjs.org/express-rate-limit/-/express-rate-limit-8.7.0.tgz 0ms (cache hit)
858 silly tarball no local data for color-convert@https://registry.npmjs.org/color-convert/-/color-convert-2.0.1.tgz. Extracting by manifest.
859 silly tarball no local data for color-name@https://registry.npmjs.org/color-name/-/color-name-1.1.4.tgz. Extracting by manifest.
860 silly tarball no local data for isexe@https://registry.npmjs.org/isexe/-/isexe-2.0.0.tgz. Extracting by manifest.
861 silly tarball no local data for ansi-styles@https://registry.npmjs.org/ansi-styles/-/ansi-styles-6.2.3.tgz. Extracting by manifest.
862 silly tarball no local data for media-typer@https://registry.npmjs.org/media-typer/-/media-typer-1.1.1.tgz. Extracting by manifest.
863 silly tarball no local data for is-fullwidth-code-point@https://registry.npmjs.org/is-fullwidth-code-point/-/is-fullwidth-code-point-3.0.0.tgz. Extracting by manifest.
864 silly tarball no local data for emoji-regex@https://registry.npmjs.org/emoji-regex/-/emoji-regex-9.2.2.tgz. Extracting by manifest.
865 silly tarball no local data for ansi-regex@https://registry.npmjs.org/ansi-regex/-/ansi-regex-6.3.0.tgz. Extracting by manifest.
866 silly tarball no local data for eastasianwidth@https://registry.npmjs.org/eastasianwidth/-/eastasianwidth-0.2.0.tgz. Extracting by manifest.
867 silly tarball no local data for dunder-proto@https://registry.npmjs.org/dunder-proto/-/dunder-proto-1.0.1.tgz. Extracting by manifest.
868 silly tarball no local data for math-intrinsics@https://registry.npmjs.org/math-intrinsics/-/math-intrinsics-1.1.0.tgz. Extracting by manifest.
869 silly tarball no local data for hasown@https://registry.npmjs.org/hasown/-/hasown-2.0.4.tgz. Extracting by manifest.
870 silly tarball no local data for has-symbols@https://registry.npmjs.org/has-symbols/-/has-symbols-1.1.0.tgz. Extracting by manifest.
871 silly tarball no local data for get-proto@https://registry.npmjs.org/get-proto/-/get-proto-1.0.1.tgz. Extracting by manifest.
872 silly tarball no local data for es-object-atoms@https://registry.npmjs.org/es-object-atoms/-/es-object-atoms-1.1.2.tgz. Extracting by manifest.
873 silly tarball no local data for gopd@https://registry.npmjs.org/gopd/-/gopd-1.2.0.tgz. Extracting by manifest.
874 silly tarball no local data for function-bind@https://registry.npmjs.org/function-bind/-/function-bind-1.1.2.tgz. Extracting by manifest.
875 silly tarball no local data for call-bind-apply-helpers@https://registry.npmjs.org/call-bind-apply-helpers/-/call-bind-apply-helpers-1.0.2.tgz. Extracting by manifest.
876 silly tarball no local data for call-bound@https://registry.npmjs.org/call-bound/-/call-bound-1.0.4.tgz. Extracting by manifest.
877 silly tarball no local data for side-channel-weakmap@https://registry.npmjs.org/side-channel-weakmap/-/side-channel-weakmap-1.0.2.tgz. Extracting by manifest.
878 silly tarball no local data for side-channel-map@https://registry.npmjs.org/side-channel-map/-/side-channel-map-1.0.1.tgz. Extracting by manifest.
879 silly tarball no local data for side-channel-list@https://registry.npmjs.org/side-channel-list/-/side-channel-list-1.0.1.tgz. Extracting by manifest.
880 silly tarball no local data for get-intrinsic@https://registry.npmjs.org/get-intrinsic/-/get-intrinsic-1.3.0.tgz. Extracting by manifest.
881 silly tarball no local data for object-inspect@https://registry.npmjs.org/object-inspect/-/object-inspect-1.13.4.tgz. Extracting by manifest.
882 silly tarball no local data for es-errors@https://registry.npmjs.org/es-errors/-/es-errors-1.3.0.tgz. Extracting by manifest.
883 silly tarball no local data for shebang-regex@https://registry.npmjs.org/shebang-regex/-/shebang-regex-3.0.0.tgz. Extracting by manifest.
884 silly tarball no local data for path-to-regexp@https://registry.npmjs.org/path-to-regexp/-/path-to-regexp-8.4.2.tgz. Extracting by manifest.
885 silly tarball no local data for is-promise@https://registry.npmjs.org/is-promise/-/is-promise-4.0.0.tgz. Extracting by manifest.
886 silly tarball no local data for unpipe@https://registry.npmjs.org/unpipe/-/unpipe-1.0.0.tgz. Extracting by manifest.
887 silly tarball no local data for side-channel@https://registry.npmjs.org/side-channel/-/side-channel-1.1.1.tgz. Extracting by manifest.
888 silly tarball no local data for es-define-property@https://registry.npmjs.org/es-define-property/-/es-define-property-1.0.1.tgz. Extracting by manifest.
889 silly tarball no local data for ipaddr.js@https://registry.npmjs.org/ipaddr.js/-/ipaddr.js-1.9.1.tgz. Extracting by manifest.
890 silly tarball no local data for forwarded@https://registry.npmjs.org/forwarded/-/forwarded-0.2.0.tgz. Extracting by manifest.
891 silly tarball no local data for lru-cache@https://registry.npmjs.org/lru-cache/-/lru-cache-10.4.3.tgz. Extracting by manifest.
892 silly tarball no local data for wrappy@https://registry.npmjs.org/wrappy/-/wrappy-1.0.2.tgz. Extracting by manifest.
893 silly tarball no local data for ee-first@https://registry.npmjs.org/ee-first/-/ee-first-1.1.1.tgz. Extracting by manifest.
894 silly tarball no local data for balanced-match@https://registry.npmjs.org/balanced-match/-/balanced-match-4.0.4.tgz. Extracting by manifest.
895 silly tarball no local data for brace-expansion@https://registry.npmjs.org/brace-expansion/-/brace-expansion-5.0.9.tgz. Extracting by manifest.
896 silly tarball no local data for mime-db@https://registry.npmjs.org/mime-db/-/mime-db-1.54.0.tgz. Extracting by manifest.
897 silly tarball no local data for wrap-ansi-cjs@https://registry.npmjs.org/wrap-ansi/-/wrap-ansi-7.0.0.tgz. Extracting by manifest.
898 silly tarball no local data for wrap-ansi@https://registry.npmjs.org/wrap-ansi/-/wrap-ansi-8.1.0.tgz. Extracting by manifest.
899 silly tarball no local data for strip-ansi-cjs@https://registry.npmjs.org/strip-ansi/-/strip-ansi-6.0.1.tgz. Extracting by manifest.
900 silly tarball no local data for strip-ansi@https://registry.npmjs.org/strip-ansi/-/strip-ansi-7.2.0.tgz. Extracting by manifest.
901 silly tarball no local data for string-width-cjs@https://registry.npmjs.org/string-width/-/string-width-4.2.3.tgz. Extracting by manifest.
902 silly tarball no local data for string-width@https://registry.npmjs.org/string-width/-/string-width-5.1.2.tgz. Extracting by manifest.
903 silly tarball no local data for @pkgjs/parseargs@https://registry.npmjs.org/@pkgjs/parseargs/-/parseargs-0.11.0.tgz. Extracting by manifest.
904 silly tarball no local data for @isaacs/cliui@https://registry.npmjs.org/@isaacs/cliui/-/cliui-8.0.2.tgz. Extracting by manifest.
905 silly tarball no local data for safer-buffer@https://registry.npmjs.org/safer-buffer/-/safer-buffer-2.1.2.tgz. Extracting by manifest.
906 silly tarball no local data for toidentifier@https://registry.npmjs.org/toidentifier/-/toidentifier-1.0.1.tgz. Extracting by manifest.
907 silly tarball no local data for setprototypeof@https://registry.npmjs.org/setprototypeof/-/setprototypeof-1.2.0.tgz. Extracting by manifest.
908 silly tarball no local data for inherits@https://registry.npmjs.org/inherits/-/inherits-2.0.4.tgz. Extracting by manifest.
909 silly tarball no local data for signal-exit@https://registry.npmjs.org/signal-exit/-/signal-exit-4.1.0.tgz. Extracting by manifest.
910 silly tarball no local data for path-scurry@https://registry.npmjs.org/path-scurry/-/path-scurry-1.11.1.tgz. Extracting by manifest.
911 silly tarball no local data for package-json-from-dist@https://registry.npmjs.org/package-json-from-dist/-/package-json-from-dist-1.0.1.tgz. Extracting by manifest.
912 silly tarball no local data for minipass@https://registry.npmjs.org/minipass/-/minipass-7.1.3.tgz. Extracting by manifest.
913 silly tarball no local data for jackspeak@https://registry.npmjs.org/jackspeak/-/jackspeak-3.4.3.tgz. Extracting by manifest.
914 silly tarball no local data for foreground-child@https://registry.npmjs.org/foreground-child/-/foreground-child-3.3.1.tgz. Extracting by manifest.
915 silly tarball no local data for ip-address@https://registry.npmjs.org/ip-address/-/ip-address-10.5.0.tgz. Extracting by manifest.
916 silly tarball no local data for ms@https://registry.npmjs.org/ms/-/ms-2.1.3.tgz. Extracting by manifest.
917 silly tarball no local data for iconv-lite@https://registry.npmjs.org/iconv-lite/-/iconv-lite-0.7.3.tgz. Extracting by manifest.
918 silly tarball no local data for bytes@https://registry.npmjs.org/bytes/-/bytes-3.1.2.tgz. Extracting by manifest.
919 silly tarball no local data for negotiator@https://registry.npmjs.org/negotiator/-/negotiator-1.1.0.tgz. Extracting by manifest.
920 silly tarball no local data for type-is@https://registry.npmjs.org/type-is/-/type-is-2.1.0.tgz. Extracting by manifest.
921 silly tarball no local data for statuses@https://registry.npmjs.org/statuses/-/statuses-2.0.2.tgz. Extracting by manifest.
922 silly tarball no local data for serve-static@https://registry.npmjs.org/serve-static/-/serve-static-2.2.1.tgz. Extracting by manifest.
923 silly tarball no local data for send@https://registry.npmjs.org/send/-/send-1.2.1.tgz. Extracting by manifest.
924 silly tarball no local data for router@https://registry.npmjs.org/router/-/router-2.2.0.tgz. Extracting by manifest.
925 silly tarball no local data for range-parser@https://registry.npmjs.org/range-parser/-/range-parser-1.3.0.tgz. Extracting by manifest.
926 silly tarball no local data for qs@https://registry.npmjs.org/qs/-/qs-6.15.3.tgz. Extracting by manifest.
927 silly tarball no local data for proxy-addr@https://registry.npmjs.org/proxy-addr/-/proxy-addr-2.0.7.tgz. Extracting by manifest.
928 silly tarball no local data for parseurl@https://registry.npmjs.org/parseurl/-/parseurl-1.3.3.tgz. Extracting by manifest.
929 silly tarball no local data for once@https://registry.npmjs.org/once/-/once-1.4.0.tgz. Extracting by manifest.
930 silly tarball no local data for on-finished@https://registry.npmjs.org/on-finished/-/on-finished-2.4.1.tgz. Extracting by manifest.
931 silly tarball no local data for mime-types@https://registry.npmjs.org/mime-types/-/mime-types-3.0.2.tgz. Extracting by manifest.
932 silly tarball no local data for merge-descriptors@https://registry.npmjs.org/merge-descriptors/-/merge-descriptors-2.0.0.tgz. Extracting by manifest.
933 silly tarball no local data for http-errors@https://registry.npmjs.org/http-errors/-/http-errors-2.0.1.tgz. Extracting by manifest.
934 silly tarball no local data for fresh@https://registry.npmjs.org/fresh/-/fresh-2.0.0.tgz. Extracting by manifest.
935 silly tarball no local data for etag@https://registry.npmjs.org/etag/-/etag-1.8.1.tgz. Extracting by manifest.
936 silly tarball no local data for finalhandler@https://registry.npmjs.org/finalhandler/-/finalhandler-2.1.1.tgz. Extracting by manifest.
937 silly tarball no local data for escape-html@https://registry.npmjs.org/escape-html/-/escape-html-1.0.3.tgz. Extracting by manifest.
938 silly tarball no local data for encodeurl@https://registry.npmjs.org/encodeurl/-/encodeurl-2.0.0.tgz. Extracting by manifest.
939 silly tarball no local data for depd@https://registry.npmjs.org/depd/-/depd-2.0.0.tgz. Extracting by manifest.
940 silly tarball no local data for cookie-signature@https://registry.npmjs.org/cookie-signature/-/cookie-signature-1.2.2.tgz. Extracting by manifest.
941 silly tarball no local data for cookie@https://registry.npmjs.org/cookie/-/cookie-0.7.2.tgz. Extracting by manifest.
942 silly tarball no local data for content-disposition@https://registry.npmjs.org/content-disposition/-/content-disposition-1.1.0.tgz. Extracting by manifest.
943 silly tarball no local data for debug@https://registry.npmjs.org/debug/-/debug-4.4.3.tgz. Extracting by manifest.
944 silly tarball no local data for body-parser@https://registry.npmjs.org/body-parser/-/body-parser-2.3.0.tgz. Extracting by manifest.
945 silly tarball no local data for accepts@https://registry.npmjs.org/accepts/-/accepts-2.0.0.tgz. Extracting by manifest.
946 silly tarball no local data for which@https://registry.npmjs.org/which/-/which-2.0.2.tgz. Extracting by manifest.
947 silly tarball no local data for shebang-command@https://registry.npmjs.org/shebang-command/-/shebang-command-2.0.0.tgz. Extracting by manifest.
948 silly tarball no local data for path-key@https://registry.npmjs.org/path-key/-/path-key-3.1.1.tgz. Extracting by manifest.
949 silly tarball no local data for vary@https://registry.npmjs.org/vary/-/vary-1.1.2.tgz. Extracting by manifest.
950 silly tarball no local data for object-assign@https://registry.npmjs.org/object-assign/-/object-assign-4.1.1.tgz. Extracting by manifest.
951 silly tarball no local data for json-schema-traverse@https://registry.npmjs.org/json-schema-traverse/-/json-schema-traverse-1.0.0.tgz. Extracting by manifest.
952 silly tarball no local data for require-from-string@https://registry.npmjs.org/require-from-string/-/require-from-string-2.0.2.tgz. Extracting by manifest.
953 silly tarball no local data for fast-uri@https://registry.npmjs.org/fast-uri/-/fast-uri-3.1.6.tgz. Extracting by manifest.
954 silly tarball no local data for fast-deep-equal@https://registry.npmjs.org/fast-deep-equal/-/fast-deep-equal-3.1.3.tgz. Extracting by manifest.
955 silly tarball no local data for zod-to-json-schema@https://registry.npmjs.org/zod-to-json-schema/-/zod-to-json-schema-3.25.2.tgz. Extracting by manifest.
956 silly tarball no local data for zod@https://registry.npmjs.org/zod/-/zod-4.5.2.tgz. Extracting by manifest.
957 silly tarball no local data for raw-body@https://registry.npmjs.org/raw-body/-/raw-body-3.0.2.tgz. Extracting by manifest.
958 silly tarball no local data for pkce-challenge@https://registry.npmjs.org/pkce-challenge/-/pkce-challenge-5.0.1.tgz. Extracting by manifest.
959 silly tarball no local data for json-schema-typed@https://registry.npmjs.org/json-schema-typed/-/json-schema-typed-8.0.2.tgz. Extracting by manifest.
960 silly tarball no local data for jose@https://registry.npmjs.org/jose/-/jose-6.2.10.tgz. Extracting by manifest.
961 silly tarball no local data for express@https://registry.npmjs.org/express/-/express-5.2.1.tgz. Extracting by manifest.
962 silly tarball no local data for eventsource-parser@https://registry.npmjs.org/eventsource-parser/-/eventsource-parser-3.1.1.tgz. Extracting by manifest.
963 silly tarball no local data for eventsource@https://registry.npmjs.org/eventsource/-/eventsource-3.0.7.tgz. Extracting by manifest.
964 silly tarball no local data for cross-spawn@https://registry.npmjs.org/cross-spawn/-/cross-spawn-7.0.6.tgz. Extracting by manifest.
965 silly tarball no local data for cors@https://registry.npmjs.org/cors/-/cors-2.8.6.tgz. Extracting by manifest.
966 silly tarball no local data for content-type@https://registry.npmjs.org/content-type/-/content-type-1.0.5.tgz. Extracting by manifest.
967 silly tarball no local data for ajv-formats@https://registry.npmjs.org/ajv-formats/-/ajv-formats-3.0.1.tgz. Extracting by manifest.
968 silly tarball no local data for ajv@https://registry.npmjs.org/ajv/-/ajv-8.20.0.tgz. Extracting by manifest.
969 silly tarball no local data for hono@https://registry.npmjs.org/hono/-/hono-4.13.5.tgz. Extracting by manifest.
970 silly tarball no local data for @hono/node-server@https://registry.npmjs.org/@hono/node-server/-/node-server-2.1.1.tgz. Extracting by manifest.
971 silly tarball no local data for minimatch@https://registry.npmjs.org/minimatch/-/minimatch-10.2.6.tgz. Extracting by manifest.
972 silly tarball no local data for glob@https://registry.npmjs.org/glob/-/glob-10.5.0.tgz. Extracting by manifest.
973 silly tarball no local data for diff@https://registry.npmjs.org/diff/-/diff-8.0.4.tgz. Extracting by manifest.
974 silly tarball no local data for @modelcontextprotocol/sdk@https://registry.npmjs.org/@modelcontextprotocol/sdk/-/sdk-1.30.0.tgz. Extracting by manifest.
975 silly tarball no local data for @modelcontextprotocol/server-filesystem@https://registry.npmjs.org/@modelcontextprotocol/server-filesystem/-/server-filesystem-2026.7.10.tgz. Extracting by manifest.
976 silly tarball no local data for ansi-regex@https://registry.npmjs.org/ansi-regex/-/ansi-regex-5.0.1.tgz. Extracting by manifest.
977 silly tarball no local data for emoji-regex@https://registry.npmjs.org/emoji-regex/-/emoji-regex-8.0.0.tgz. Extracting by manifest.
978 silly tarball no local data for string-width@https://registry.npmjs.org/string-width/-/string-width-4.2.3.tgz. Extracting by manifest.
979 silly tarball no local data for ansi-styles@https://registry.npmjs.org/ansi-styles/-/ansi-styles-4.3.0.tgz. Extracting by manifest.
980 silly tarball no local data for ansi-regex@https://registry.npmjs.org/ansi-regex/-/ansi-regex-5.0.1.tgz. Extracting by manifest.
981 silly tarball no local data for strip-ansi@https://registry.npmjs.org/strip-ansi/-/strip-ansi-6.0.1.tgz. Extracting by manifest.
982 silly tarball no local data for ansi-regex@https://registry.npmjs.org/ansi-regex/-/ansi-regex-5.0.1.tgz. Extracting by manifest.
983 silly tarball no local data for emoji-regex@https://registry.npmjs.org/emoji-regex/-/emoji-regex-8.0.0.tgz. Extracting by manifest.
984 silly tarball no local data for content-type@https://registry.npmjs.org/content-type/-/content-type-2.1.0.tgz. Extracting by manifest.
985 silly tarball no local data for content-type@https://registry.npmjs.org/content-type/-/content-type-2.1.0.tgz. Extracting by manifest.
986 silly tarball no local data for content-type@https://registry.npmjs.org/content-type/-/content-type-2.1.0.tgz. Extracting by manifest.
987 silly tarball no local data for balanced-match@https://registry.npmjs.org/balanced-match/-/balanced-match-1.0.2.tgz. Extracting by manifest.
988 silly tarball no local data for brace-expansion@https://registry.npmjs.org/brace-expansion/-/brace-expansion-2.1.4.tgz. Extracting by manifest.
989 silly tarball no local data for minimatch@https://registry.npmjs.org/minimatch/-/minimatch-9.0.9.tgz. Extracting by manifest.
990 silly tarball no local data for strip-ansi@https://registry.npmjs.org/strip-ansi/-/strip-ansi-6.0.1.tgz. Extracting by manifest.
991 silly tarball no local data for express-rate-limit@https://registry.npmjs.org/express-rate-limit/-/express-rate-limit-8.7.0.tgz. Extracting by manifest.
992 http fetch GET 200 https://registry.npmjs.org/ansi-styles/-/ansi-styles-6.2.3.tgz 58ms (cache miss)
993 http fetch GET 200 https://registry.npmjs.org/isexe/-/isexe-2.0.0.tgz 58ms (cache miss)
994 http fetch GET 200 https://registry.npmjs.org/media-typer/-/media-typer-1.1.1.tgz 58ms (cache miss)
995 http fetch GET 200 https://registry.npmjs.org/is-fullwidth-code-point/-/is-fullwidth-code-point-3.0.0.tgz 59ms (cache miss)
996 http fetch GET 200 https://registry.npmjs.org/color-convert/-/color-convert-2.0.1.tgz 59ms (cache miss)
997 http fetch GET 200 https://registry.npmjs.org/color-name/-/color-name-1.1.4.tgz 59ms (cache miss)
998 http fetch GET 200 https://registry.npmjs.org/es-object-atoms/-/es-object-atoms-1.1.2.tgz 62ms (cache miss)
999 http fetch GET 200 https://registry.npmjs.org/gopd/-/gopd-1.2.0.tgz 62ms (cache miss)
1000 http fetch GET 200 https://registry.npmjs.org/call-bind-apply-helpers/-/call-bind-apply-helpers-1.0.2.tgz 63ms (cache miss)
1001 http fetch GET 200 https://registry.npmjs.org/function-bind/-/function-bind-1.1.2.tgz 64ms (cache miss)
1002 http fetch GET 200 https://registry.npmjs.org/call-bound/-/call-bound-1.0.4.tgz 64ms (cache miss)
1003 http fetch GET 200 https://registry.npmjs.org/side-channel-weakmap/-/side-channel-weakmap-1.0.2.tgz 67ms (cache miss)
1004 http fetch GET 200 https://registry.npmjs.org/hasown/-/hasown-2.0.4.tgz 80ms (cache miss)
1005 http fetch GET 200 https://registry.npmjs.org/dunder-proto/-/dunder-proto-1.0.1.tgz 82ms (cache miss)
1006 http fetch GET 200 https://registry.npmjs.org/side-channel-list/-/side-channel-list-1.0.1.tgz 81ms (cache miss)
1007 http fetch GET 200 https://registry.npmjs.org/get-proto/-/get-proto-1.0.1.tgz 85ms (cache miss)
1008 http fetch GET 200 https://registry.npmjs.org/eastasianwidth/-/eastasianwidth-0.2.0.tgz 88ms (cache miss)
1009 http fetch GET 200 https://registry.npmjs.org/side-channel-map/-/side-channel-map-1.0.1.tgz 86ms (cache miss)
1010 http fetch GET 200 https://registry.npmjs.org/ansi-regex/-/ansi-regex-6.3.0.tgz 88ms (cache miss)
1011 http fetch GET 200 https://registry.npmjs.org/get-intrinsic/-/get-intrinsic-1.3.0.tgz 87ms (cache miss)
1012 http fetch GET 200 https://registry.npmjs.org/emoji-regex/-/emoji-regex-9.2.2.tgz 91ms (cache miss)
1013 http fetch GET 200 https://registry.npmjs.org/es-errors/-/es-errors-1.3.0.tgz 92ms (cache miss)
1014 http fetch GET 200 https://registry.npmjs.org/math-intrinsics/-/math-intrinsics-1.1.0.tgz 162ms (cache miss)
1015 http fetch GET 200 https://registry.npmjs.org/is-promise/-/is-promise-4.0.0.tgz 161ms (cache miss)
1016 http fetch GET 200 https://registry.npmjs.org/has-symbols/-/has-symbols-1.1.0.tgz 163ms (cache miss)
1017 http fetch GET 200 https://registry.npmjs.org/unpipe/-/unpipe-1.0.0.tgz 164ms (cache miss)
1018 http fetch GET 200 https://registry.npmjs.org/shebang-regex/-/shebang-regex-3.0.0.tgz 169ms (cache miss)
1019 http fetch GET 200 https://registry.npmjs.org/path-to-regexp/-/path-to-regexp-8.4.2.tgz 172ms (cache miss)
1020 http fetch GET 200 https://registry.npmjs.org/forwarded/-/forwarded-0.2.0.tgz 177ms (cache miss)
1021 http fetch GET 200 https://registry.npmjs.org/setprototypeof/-/setprototypeof-1.2.0.tgz 181ms (cache miss)
1022 http fetch GET 200 https://registry.npmjs.org/es-define-property/-/es-define-property-1.0.1.tgz 183ms (cache miss)
1023 http fetch GET 200 https://registry.npmjs.org/wrappy/-/wrappy-1.0.2.tgz 184ms (cache miss)
1024 http fetch GET 200 https://registry.npmjs.org/ee-first/-/ee-first-1.1.1.tgz 184ms (cache miss)
1025 http fetch GET 200 https://registry.npmjs.org/brace-expansion/-/brace-expansion-5.0.9.tgz 184ms (cache miss)
1026 http fetch GET 200 https://registry.npmjs.org/strip-ansi/-/strip-ansi-7.2.0.tgz 184ms (cache miss)
1027 http fetch GET 200 https://registry.npmjs.org/side-channel/-/side-channel-1.1.1.tgz 187ms (cache miss)
1028 http fetch GET 200 https://registry.npmjs.org/safer-buffer/-/safer-buffer-2.1.2.tgz 186ms (cache miss)
1029 http fetch GET 200 https://registry.npmjs.org/wrap-ansi/-/wrap-ansi-7.0.0.tgz 186ms (cache miss)
1030 http fetch GET 200 https://registry.npmjs.org/mime-db/-/mime-db-1.54.0.tgz 188ms (cache miss)
1031 http fetch GET 200 https://registry.npmjs.org/strip-ansi/-/strip-ansi-6.0.1.tgz 188ms (cache miss)
1032 http fetch GET 200 https://registry.npmjs.org/toidentifier/-/toidentifier-1.0.1.tgz 188ms (cache miss)
1033 http fetch GET 200 https://registry.npmjs.org/@isaacs/cliui/-/cliui-8.0.2.tgz 190ms (cache miss)
1034 http fetch GET 200 https://registry.npmjs.org/string-width/-/string-width-4.2.3.tgz 191ms (cache miss)
1035 http fetch GET 200 https://registry.npmjs.org/string-width/-/string-width-5.1.2.tgz 191ms (cache miss)
1036 http fetch GET 200 https://registry.npmjs.org/wrap-ansi/-/wrap-ansi-8.1.0.tgz 191ms (cache miss)
1037 http fetch GET 200 https://registry.npmjs.org/inherits/-/inherits-2.0.4.tgz 194ms (cache miss)
1038 http fetch GET 200 https://registry.npmjs.org/balanced-match/-/balanced-match-4.0.4.tgz 195ms (cache miss)
1039 http fetch GET 200 https://registry.npmjs.org/object-inspect/-/object-inspect-1.13.4.tgz 196ms (cache miss)
1040 http fetch GET 200 https://registry.npmjs.org/ipaddr.js/-/ipaddr.js-1.9.1.tgz 199ms (cache miss)
1041 http fetch GET 200 https://registry.npmjs.org/@pkgjs/parseargs/-/parseargs-0.11.0.tgz 199ms (cache miss)
1042 http fetch GET 200 https://registry.npmjs.org/package-json-from-dist/-/package-json-from-dist-1.0.1.tgz 204ms (cache miss)
1043 http fetch GET 200 https://registry.npmjs.org/bytes/-/bytes-3.1.2.tgz 205ms (cache miss)
1044 http fetch GET 200 https://registry.npmjs.org/type-is/-/type-is-2.1.0.tgz 205ms (cache miss)
1045 http fetch GET 200 https://registry.npmjs.org/statuses/-/statuses-2.0.2.tgz 207ms (cache miss)
1046 http fetch GET 200 https://registry.npmjs.org/ms/-/ms-2.1.3.tgz 210ms (cache miss)
1047 http fetch GET 200 https://registry.npmjs.org/send/-/send-1.2.1.tgz 210ms (cache miss)
1048 http fetch GET 200 https://registry.npmjs.org/range-parser/-/range-parser-1.3.0.tgz 211ms (cache miss)
1049 http fetch GET 200 https://registry.npmjs.org/negotiator/-/negotiator-1.1.0.tgz 212ms (cache miss)
1050 http fetch GET 200 https://registry.npmjs.org/serve-static/-/serve-static-2.2.1.tgz 213ms (cache miss)
1051 http fetch GET 200 https://registry.npmjs.org/router/-/router-2.2.0.tgz 213ms (cache miss)
1052 http fetch GET 200 https://registry.npmjs.org/proxy-addr/-/proxy-addr-2.0.7.tgz 217ms (cache miss)
1053 http fetch GET 200 https://registry.npmjs.org/signal-exit/-/signal-exit-4.1.0.tgz 218ms (cache miss)
1054 http fetch GET 200 https://registry.npmjs.org/on-finished/-/on-finished-2.4.1.tgz 217ms (cache miss)
1055 http fetch GET 200 https://registry.npmjs.org/once/-/once-1.4.0.tgz 217ms (cache miss)
1056 http fetch GET 200 https://registry.npmjs.org/mime-types/-/mime-types-3.0.2.tgz 218ms (cache miss)
1057 http fetch GET 200 https://registry.npmjs.org/merge-descriptors/-/merge-descriptors-2.0.0.tgz 219ms (cache miss)
1058 http fetch GET 200 https://registry.npmjs.org/parseurl/-/parseurl-1.3.3.tgz 219ms (cache miss)
1059 http fetch POST 200 https://registry.npmjs.org/-/npm/v1/security/advisories/bulk 241ms
1060 silly audit report {}
1061 http fetch GET 200 https://registry.npmjs.org/etag/-/etag-1.8.1.tgz 224ms (cache miss)
1062 http fetch GET 200 https://registry.npmjs.org/fresh/-/fresh-2.0.0.tgz 224ms (cache miss)
1063 http fetch GET 200 https://registry.npmjs.org/http-errors/-/http-errors-2.0.1.tgz 226ms (cache miss)
1064 http fetch GET 200 https://registry.npmjs.org/escape-html/-/escape-html-1.0.3.tgz 227ms (cache miss)
1065 http fetch GET 200 https://registry.npmjs.org/encodeurl/-/encodeurl-2.0.0.tgz 229ms (cache miss)
1066 http fetch GET 200 https://registry.npmjs.org/minipass/-/minipass-7.1.3.tgz 235ms (cache miss)
1067 http fetch GET 200 https://registry.npmjs.org/depd/-/depd-2.0.0.tgz 234ms (cache miss)
1068 http fetch GET 200 https://registry.npmjs.org/finalhandler/-/finalhandler-2.1.1.tgz 236ms (cache miss)
1069 http fetch GET 200 https://registry.npmjs.org/foreground-child/-/foreground-child-3.3.1.tgz 237ms (cache miss)
1070 http fetch GET 200 https://registry.npmjs.org/debug/-/debug-4.4.3.tgz 235ms (cache miss)
1071 http fetch GET 200 https://registry.npmjs.org/cookie-signature/-/cookie-signature-1.2.2.tgz 236ms (cache miss)
1072 http fetch GET 200 https://registry.npmjs.org/content-disposition/-/content-disposition-1.1.0.tgz 236ms (cache miss)
1073 http fetch GET 200 https://registry.npmjs.org/cookie/-/cookie-0.7.2.tgz 237ms (cache miss)
1074 http fetch GET 200 https://registry.npmjs.org/accepts/-/accepts-2.0.0.tgz 238ms (cache miss)
1075 http fetch GET 200 https://registry.npmjs.org/body-parser/-/body-parser-2.3.0.tgz 238ms (cache miss)
1076 http fetch GET 200 https://registry.npmjs.org/which/-/which-2.0.2.tgz 240ms (cache miss)
1077 http fetch GET 200 https://registry.npmjs.org/path-key/-/path-key-3.1.1.tgz 241ms (cache miss)
1078 http fetch GET 200 https://registry.npmjs.org/object-assign/-/object-assign-4.1.1.tgz 244ms (cache miss)
1079 http fetch GET 200 https://registry.npmjs.org/vary/-/vary-1.1.2.tgz 244ms (cache miss)
1080 http fetch GET 200 https://registry.npmjs.org/shebang-command/-/shebang-command-2.0.0.tgz 244ms (cache miss)
1081 http fetch GET 200 https://registry.npmjs.org/qs/-/qs-6.15.3.tgz 246ms (cache miss)
1082 http fetch GET 200 https://registry.npmjs.org/iconv-lite/-/iconv-lite-0.7.3.tgz 251ms (cache miss)
1083 http fetch GET 200 https://registry.npmjs.org/jackspeak/-/jackspeak-3.4.3.tgz 253ms (cache miss)
1084 http fetch GET 200 https://registry.npmjs.org/json-schema-traverse/-/json-schema-traverse-1.0.0.tgz 254ms (cache miss)
1085 http fetch GET 200 https://registry.npmjs.org/path-scurry/-/path-scurry-1.11.1.tgz 260ms (cache miss)
1086 http fetch GET 200 https://registry.npmjs.org/ip-address/-/ip-address-10.5.0.tgz 261ms (cache miss)
1087 http fetch GET 200 https://registry.npmjs.org/fast-deep-equal/-/fast-deep-equal-3.1.3.tgz 258ms (cache miss)
1088 http fetch GET 200 https://registry.npmjs.org/pkce-challenge/-/pkce-challenge-5.0.1.tgz 260ms (cache miss)
1089 http fetch GET 200 https://registry.npmjs.org/raw-body/-/raw-body-3.0.2.tgz 261ms (cache miss)
1090 http fetch GET 200 https://registry.npmjs.org/require-from-string/-/require-from-string-2.0.2.tgz 263ms (cache miss)
1091 http fetch GET 200 https://registry.npmjs.org/cors/-/cors-2.8.6.tgz 263ms (cache miss)
1092 http fetch GET 200 https://registry.npmjs.org/content-type/-/content-type-1.0.5.tgz 264ms (cache miss)
1093 http fetch GET 200 https://registry.npmjs.org/cross-spawn/-/cross-spawn-7.0.6.tgz 264ms (cache miss)
1094 http fetch GET 200 https://registry.npmjs.org/json-schema-typed/-/json-schema-typed-8.0.2.tgz 264ms (cache miss)
1095 http fetch GET 200 https://registry.npmjs.org/eventsource/-/eventsource-3.0.7.tgz 269ms (cache miss)
1096 http fetch GET 200 https://registry.npmjs.org/lru-cache/-/lru-cache-10.4.3.tgz 274ms (cache miss)
1097 http fetch GET 200 https://registry.npmjs.org/eventsource-parser/-/eventsource-parser-3.1.1.tgz 270ms (cache miss)
1098 http fetch GET 200 https://registry.npmjs.org/express/-/express-5.2.1.tgz 271ms (cache miss)
1099 http fetch GET 200 https://registry.npmjs.org/fast-uri/-/fast-uri-3.1.6.tgz 297ms (cache miss)
1100 http fetch GET 200 https://registry.npmjs.org/ansi-regex/-/ansi-regex-5.0.1.tgz 296ms (cache miss)
1101 http fetch GET 200 https://registry.npmjs.org/string-width/-/string-width-4.2.3.tgz 297ms (cache miss)
1102 http fetch GET 200 https://registry.npmjs.org/ansi-styles/-/ansi-styles-4.3.0.tgz 299ms (cache miss)
1103 http fetch GET 200 https://registry.npmjs.org/ansi-regex/-/ansi-regex-5.0.1.tgz 299ms (cache miss)
1104 http fetch GET 200 https://registry.npmjs.org/emoji-regex/-/emoji-regex-8.0.0.tgz 301ms (cache miss)
1105 http fetch GET 200 https://registry.npmjs.org/ajv-formats/-/ajv-formats-3.0.1.tgz 303ms (cache miss)
1106 http fetch GET 200 https://registry.npmjs.org/@hono/node-server/-/node-server-2.1.1.tgz 313ms (cache miss)
1107 http fetch GET 200 https://registry.npmjs.org/strip-ansi/-/strip-ansi-6.0.1.tgz 315ms (cache miss)
1108 http fetch GET 200 https://registry.npmjs.org/content-type/-/content-type-2.1.0.tgz 316ms (cache miss)
1109 http fetch GET 200 https://registry.npmjs.org/emoji-regex/-/emoji-regex-8.0.0.tgz 317ms (cache miss)
1110 http fetch GET 200 https://registry.npmjs.org/ansi-regex/-/ansi-regex-5.0.1.tgz 317ms (cache miss)
1111 http fetch GET 200 https://registry.npmjs.org/brace-expansion/-/brace-expansion-2.1.4.tgz 317ms (cache miss)
1112 http fetch GET 200 https://registry.npmjs.org/content-type/-/content-type-2.1.0.tgz 319ms (cache miss)
1113 http fetch GET 200 https://registry.npmjs.org/content-type/-/content-type-2.1.0.tgz 319ms (cache miss)
1114 http fetch GET 200 https://registry.npmjs.org/balanced-match/-/balanced-match-1.0.2.tgz 322ms (cache miss)
1115 http fetch GET 200 https://registry.npmjs.org/express-rate-limit/-/express-rate-limit-8.7.0.tgz 333ms (cache miss)
1116 http fetch GET 200 https://registry.npmjs.org/strip-ansi/-/strip-ansi-6.0.1.tgz 335ms (cache miss)
1117 http fetch GET 200 https://registry.npmjs.org/zod-to-json-schema/-/zod-to-json-schema-3.25.2.tgz 341ms (cache miss)
1118 http fetch GET 200 https://registry.npmjs.org/minimatch/-/minimatch-10.2.6.tgz 343ms (cache miss)
1119 http fetch GET 200 https://registry.npmjs.org/glob/-/glob-10.5.0.tgz 345ms (cache miss)
1120 warn deprecated glob@10.5.0: Old versions of glob are not supported, and contain widely publicized security vulnerabilities, which have been fixed in the current version. Please update. Support for old versions may be purchased (at exorbitant rates) by contacting i@izs.me
1121 http fetch GET 200 https://registry.npmjs.org/minimatch/-/minimatch-9.0.9.tgz 350ms (cache miss)
1122 http fetch GET 200 https://registry.npmjs.org/jose/-/jose-6.2.10.tgz 361ms (cache miss)
1123 http fetch GET 200 https://registry.npmjs.org/diff/-/diff-8.0.4.tgz 367ms (cache miss)
1124 http fetch GET 200 https://registry.npmjs.org/ajv/-/ajv-8.20.0.tgz 431ms (cache miss)
1125 http fetch GET 200 https://registry.npmjs.org/@modelcontextprotocol/server-filesystem/-/server-filesystem-2026.7.10.tgz 516ms (cache miss)
1126 http fetch GET 200 https://registry.npmjs.org/hono/-/hono-4.13.5.tgz 707ms (cache miss)
1127 http fetch GET 200 https://registry.npmjs.org/@modelcontextprotocol/sdk/-/sdk-1.30.0.tgz 717ms (cache miss)
1128 http fetch GET 200 https://registry.npmjs.org/zod/-/zod-4.5.2.tgz 738ms (cache miss)
